,targetName,batch,gini,nlevel,phase,human
0,hand_selected_004,16fbef3a-9ad8-11ea-8cec-4b858b430440,0.24613833557375045,1.0,random agent,False
1,hand_selected_004,16fd7d1e-9ad8-11ea-a445-0585cd0c72e4,0.25156016798868425,1.0,random agent,False
2,hand_selected_004,16ff30b4-9ad8-11ea-b529-3565bed046b0,0.2467683700560413,1.0,random agent,False
3,hand_selected_004,1715543e-9ad8-11ea-bc86-0990282eeb5d,0.23779412780989392,1.0,random agent,False
4,hand_selected_004,1718e842-9ad8-11ea-b0ce-d183ac075b20,0.2232527095617094,1.0,random agent,False
5,hand_selected_004,17246df2-9ad8-11ea-a86f-f9dfd52c2d96,0.24135508935508934,1.0,random agent,False
6,hand_selected_004,1727c33a-9ad8-11ea-89ce-439cc5b97abb,0.24106348125930302,1.0,random agent,False
7,hand_selected_004,f0886be0-9ad1-11ea-a6ce-7b4ad11c7c0e,0.24598724064198046,1.0,random agent,False
8,hand_selected_004,f8585560-9ad6-11ea-b38c-5bfee5a1c9e8,0.21736793542389368,1.0,random agent,False
9,hand_selected_004,f86fa6f2-9ad6-11ea-a824-6fbc31a38f44,0.2536939399115565,1.0,random agent,False
10,hand_selected_004,16fbef3a-9ad8-11ea-8cec-4b858b430440,0.09762434249460579,2.0,random agent,False
11,hand_selected_004,16fd7d1e-9ad8-11ea-a445-0585cd0c72e4,0.0972163725344802,2.0,random agent,False
12,hand_selected_004,16ff30b4-9ad8-11ea-b529-3565bed046b0,0.09569542767479199,2.0,random agent,False
13,hand_selected_004,1715543e-9ad8-11ea-bc86-0990282eeb5d,0.08966355056193703,2.0,random agent,False
14,hand_selected_004,1718e842-9ad8-11ea-b0ce-d183ac075b20,0.08018326266783057,2.0,random agent,False
15,hand_selected_004,17246df2-9ad8-11ea-a86f-f9dfd52c2d96,0.09495010992727888,2.0,random agent,False
16,hand_selected_004,1727c33a-9ad8-11ea-89ce-439cc5b97abb,0.09783062342405006,2.0,random agent,False
17,hand_selected_004,f0886be0-9ad1-11ea-a6ce-7b4ad11c7c0e,0.1003422226989601,2.0,random agent,False
18,hand_selected_004,f8585560-9ad6-11ea-b38c-5bfee5a1c9e8,0.0756302179444449,2.0,random agent,False
19,hand_selected_004,f86fa6f2-9ad6-11ea-a824-6fbc31a38f44,0.10685352548444879,2.0,random agent,False
20,hand_selected_004,16fbef3a-9ad8-11ea-8cec-4b858b430440,0.03586448502508779,3.0,random agent,False
21,hand_selected_004,16fd7d1e-9ad8-11ea-a445-0585cd0c72e4,0.0340425847663741,3.0,random agent,False
22,hand_selected_004,16ff30b4-9ad8-11ea-b529-3565bed046b0,0.03306711217961778,3.0,random agent,False
23,hand_selected_004,1715543e-9ad8-11ea-bc86-0990282eeb5d,0.0367773852333186,3.0,random agent,False
24,hand_selected_004,1718e842-9ad8-11ea-b0ce-d183ac075b20,0.029060950206130757,3.0,random agent,False
25,hand_selected_004,17246df2-9ad8-11ea-a86f-f9dfd52c2d96,0.04001353466142198,3.0,random agent,False
26,hand_selected_004,1727c33a-9ad8-11ea-89ce-439cc5b97abb,0.039011437578304976,3.0,random agent,False
27,hand_selected_004,f0886be0-9ad1-11ea-a6ce-7b4ad11c7c0e,0.0423063674835154,3.0,random agent,False
28,hand_selected_004,f8585560-9ad6-11ea-b38c-5bfee5a1c9e8,0.02467791565087974,3.0,random agent,False
29,hand_selected_004,f86fa6f2-9ad6-11ea-a824-6fbc31a38f44,0.046040086529755275,3.0,random agent,False
30,hand_selected_004,16fbef3a-9ad8-11ea-8cec-4b858b430440,0.016497184620967647,4.0,random agent,False
31,hand_selected_004,16fd7d1e-9ad8-11ea-a445-0585cd0c72e4,0.007825193725784278,4.0,random agent,False
32,hand_selected_004,16ff30b4-9ad8-11ea-b529-3565bed046b0,0.013920519504275848,4.0,random agent,False
33,hand_selected_004,1715543e-9ad8-11ea-bc86-0990282eeb5d,0.013120326877831085,4.0,random agent,False
34,hand_selected_004,1718e842-9ad8-11ea-b0ce-d183ac075b20,0.012814037547071274,4.0,random agent,False
35,hand_selected_004,17246df2-9ad8-11ea-a86f-f9dfd52c2d96,0.023718309573437606,4.0,random agent,False
36,hand_selected_004,1727c33a-9ad8-11ea-89ce-439cc5b97abb,0.023040398386380744,4.0,random agent,False
37,hand_selected_004,f0886be0-9ad1-11ea-a6ce-7b4ad11c7c0e,0.018301072761194033,4.0,random agent,False
38,hand_selected_004,f8585560-9ad6-11ea-b38c-5bfee5a1c9e8,0.01036682615629984,4.0,random agent,False
39,hand_selected_004,f86fa6f2-9ad6-11ea-a824-6fbc31a38f44,0.02195779194792028,4.0,random agent,False
40,hand_selected_004,16fbef3a-9ad8-11ea-8cec-4b858b430440,0.0076167005346822894,5.0,random agent,False
41,hand_selected_004,16fd7d1e-9ad8-11ea-a445-0585cd0c72e4,0.0010964885827673973,5.0,random agent,False
42,hand_selected_004,16ff30b4-9ad8-11ea-b529-3565bed046b0,0.005571451219604261,5.0,random agent,False
43,hand_selected_004,1715543e-9ad8-11ea-bc86-0990282eeb5d,0.0056661538101077,5.0,random agent,False
44,hand_selected_004,1718e842-9ad8-11ea-b0ce-d183ac075b20,0.006097388849682427,5.0,random agent,False
45,hand_selected_004,17246df2-9ad8-11ea-a86f-f9dfd52c2d96,0.013260760760760758,5.0,random agent,False
46,hand_selected_004,1727c33a-9ad8-11ea-89ce-439cc5b97abb,0.012828513069476926,5.0,random agent,False
47,hand_selected_004,f0886be0-9ad1-11ea-a6ce-7b4ad11c7c0e,0.007558511349101808,5.0,random agent,False
48,hand_selected_004,f8585560-9ad6-11ea-b38c-5bfee5a1c9e8,0.004194995097696305,5.0,random agent,False
49,hand_selected_004,f86fa6f2-9ad6-11ea-a824-6fbc31a38f44,0.012784175579629941,5.0,random agent,False
50,hand_selected_004,16fbef3a-9ad8-11ea-8cec-4b858b430440,0.0024630429249244395,6.0,random agent,False
51,hand_selected_004,16fd7d1e-9ad8-11ea-a445-0585cd0c72e4,0.0,6.0,random agent,False
52,hand_selected_004,16ff30b4-9ad8-11ea-b529-3565bed046b0,0.001265818712885938,6.0,random agent,False
53,hand_selected_004,1715543e-9ad8-11ea-bc86-0990282eeb5d,0.0012903182673633048,6.0,random agent,False
54,hand_selected_004,1718e842-9ad8-11ea-b0ce-d183ac075b20,0.0022778805262112993,6.0,random agent,False
55,hand_selected_004,17246df2-9ad8-11ea-a86f-f9dfd52c2d96,0.006271793647002627,6.0,random agent,False
56,hand_selected_004,1727c33a-9ad8-11ea-89ce-439cc5b97abb,0.006060152626066138,6.0,random agent,False
57,hand_selected_004,f0886be0-9ad1-11ea-a6ce-7b4ad11c7c0e,0.004889738223071556,6.0,random agent,False
58,hand_selected_004,f8585560-9ad6-11ea-b38c-5bfee5a1c9e8,0.001180634241190706,6.0,random agent,False
59,hand_selected_004,f86fa6f2-9ad6-11ea-a824-6fbc31a38f44,0.006028200417019344,6.0,random agent,False
60,hand_selected_004,16fbef3a-9ad8-11ea-8cec-4b858b430440,0.0,7.0,random agent,False
61,hand_selected_004,16fd7d1e-9ad8-11ea-a445-0585cd0c72e4,0.0,7.0,random agent,False
62,hand_selected_004,16ff30b4-9ad8-11ea-b529-3565bed046b0,0.0,7.0,random agent,False
63,hand_selected_004,1715543e-9ad8-11ea-bc86-0990282eeb5d,0.0,7.0,random agent,False
64,hand_selected_004,1718e842-9ad8-11ea-b0ce-d183ac075b20,0.0,7.0,random agent,False
65,hand_selected_004,17246df2-9ad8-11ea-a86f-f9dfd52c2d96,0.002890124705089316,7.0,random agent,False
66,hand_selected_004,1727c33a-9ad8-11ea-89ce-439cc5b97abb,0.0,7.0,random agent,False
67,hand_selected_004,f0886be0-9ad1-11ea-a6ce-7b4ad11c7c0e,0.0028128946281692443,7.0,random agent,False
68,hand_selected_004,f8585560-9ad6-11ea-b38c-5bfee5a1c9e8,0.0,7.0,random agent,False
69,hand_selected_004,f86fa6f2-9ad6-11ea-a824-6fbc31a38f44,0.0013850362151333025,7.0,random agent,False
70,hand_selected_004,16fbef3a-9ad8-11ea-8cec-4b858b430440,0.0,8.0,random agent,False
71,hand_selected_004,16fd7d1e-9ad8-11ea-a445-0585cd0c72e4,0.0,8.0,random agent,False
72,hand_selected_004,16ff30b4-9ad8-11ea-b529-3565bed046b0,0.0,8.0,random agent,False
73,hand_selected_004,1715543e-9ad8-11ea-bc86-0990282eeb5d,0.0,8.0,random agent,False
74,hand_selected_004,1718e842-9ad8-11ea-b0ce-d183ac075b20,0.0,8.0,random agent,False
75,hand_selected_004,17246df2-9ad8-11ea-a86f-f9dfd52c2d96,0.0,8.0,random agent,False
76,hand_selected_004,1727c33a-9ad8-11ea-89ce-439cc5b97abb,0.0,8.0,random agent,False
77,hand_selected_004,f0886be0-9ad1-11ea-a6ce-7b4ad11c7c0e,0.0,8.0,random agent,False
78,hand_selected_004,f8585560-9ad6-11ea-b38c-5bfee5a1c9e8,0.0,8.0,random agent,False
79,hand_selected_004,f86fa6f2-9ad6-11ea-a824-6fbc31a38f44,0.0,8.0,random agent,False
80,hand_selected_004,16fbef3a-9ad8-11ea-8cec-4b858b430440,0.0,9.0,random agent,False
81,hand_selected_004,16fd7d1e-9ad8-11ea-a445-0585cd0c72e4,0.0,9.0,random agent,False
82,hand_selected_004,16ff30b4-9ad8-11ea-b529-3565bed046b0,0.0,9.0,random agent,False
83,hand_selected_004,1715543e-9ad8-11ea-bc86-0990282eeb5d,0.0,9.0,random agent,False
84,hand_selected_004,1718e842-9ad8-11ea-b0ce-d183ac075b20,0.0,9.0,random agent,False
85,hand_selected_004,17246df2-9ad8-11ea-a86f-f9dfd52c2d96,0.0,9.0,random agent,False
86,hand_selected_004,1727c33a-9ad8-11ea-89ce-439cc5b97abb,0.0,9.0,random agent,False
87,hand_selected_004,f0886be0-9ad1-11ea-a6ce-7b4ad11c7c0e,0.0,9.0,random agent,False
88,hand_selected_004,f8585560-9ad6-11ea-b38c-5bfee5a1c9e8,0.0,9.0,random agent,False
89,hand_selected_004,f86fa6f2-9ad6-11ea-a824-6fbc31a38f44,0.0,9.0,random agent,False
90,hand_selected_004,16fbef3a-9ad8-11ea-8cec-4b858b430440,0.0,10.0,random agent,False
91,hand_selected_004,16fd7d1e-9ad8-11ea-a445-0585cd0c72e4,0.0,10.0,random agent,False
92,hand_selected_004,16ff30b4-9ad8-11ea-b529-3565bed046b0,0.0,10.0,random agent,False
93,hand_selected_004,1715543e-9ad8-11ea-bc86-0990282eeb5d,0.0,10.0,random agent,False
94,hand_selected_004,1718e842-9ad8-11ea-b0ce-d183ac075b20,0.0,10.0,random agent,False
95,hand_selected_004,17246df2-9ad8-11ea-a86f-f9dfd52c2d96,0.0,10.0,random agent,False
96,hand_selected_004,1727c33a-9ad8-11ea-89ce-439cc5b97abb,0.0,10.0,random agent,False
97,hand_selected_004,f0886be0-9ad1-11ea-a6ce-7b4ad11c7c0e,0.0,10.0,random agent,False
98,hand_selected_004,f8585560-9ad6-11ea-b38c-5bfee5a1c9e8,0.0,10.0,random agent,False
99,hand_selected_004,f86fa6f2-9ad6-11ea-a824-6fbc31a38f44,0.0,10.0,random agent,False
0,hand_selected_005,16fbef3a-9ad8-11ea-8cec-4b858b430440,0.3886046163969315,1.0,random agent,False
1,hand_selected_005,16fd7d1e-9ad8-11ea-a445-0585cd0c72e4,0.4330980228348649,1.0,random agent,False
2,hand_selected_005,16ff30b4-9ad8-11ea-b529-3565bed046b0,0.42242189907524713,1.0,random agent,False
3,hand_selected_005,1715543e-9ad8-11ea-bc86-0990282eeb5d,0.41452470685077436,1.0,random agent,False
4,hand_selected_005,1718e842-9ad8-11ea-b0ce-d183ac075b20,0.40516267397216443,1.0,random agent,False
5,hand_selected_005,17246df2-9ad8-11ea-a86f-f9dfd52c2d96,0.4456251928779401,1.0,random agent,False
6,hand_selected_005,1727c33a-9ad8-11ea-89ce-439cc5b97abb,0.40500708292470305,1.0,random agent,False
7,hand_selected_005,f0886be0-9ad1-11ea-a6ce-7b4ad11c7c0e,0.4460818582901052,1.0,random agent,False
8,hand_selected_005,f8585560-9ad6-11ea-b38c-5bfee5a1c9e8,0.4045761926817971,1.0,random agent,False
9,hand_selected_005,f86fa6f2-9ad6-11ea-a824-6fbc31a38f44,0.4186884461446839,1.0,random agent,False
10,hand_selected_005,16fbef3a-9ad8-11ea-8cec-4b858b430440,0.21458399797132036,2.0,random agent,False
11,hand_selected_005,16fd7d1e-9ad8-11ea-a445-0585cd0c72e4,0.2524255334794858,2.0,random agent,False
12,hand_selected_005,16ff30b4-9ad8-11ea-b529-3565bed046b0,0.24827841012788954,2.0,random agent,False
13,hand_selected_005,1715543e-9ad8-11ea-bc86-0990282eeb5d,0.2378679201485608,2.0,random agent,False
14,hand_selected_005,1718e842-9ad8-11ea-b0ce-d183ac075b20,0.23559315066121994,2.0,random agent,False
15,hand_selected_005,17246df2-9ad8-11ea-a86f-f9dfd52c2d96,0.2718988880528794,2.0,random agent,False
16,hand_selected_005,1727c33a-9ad8-11ea-89ce-439cc5b97abb,0.24233457255845314,2.0,random agent,False
17,hand_selected_005,f0886be0-9ad1-11ea-a6ce-7b4ad11c7c0e,0.271314417866142,2.0,random agent,False
18,hand_selected_005,f8585560-9ad6-11ea-b38c-5bfee5a1c9e8,0.23651355482262088,2.0,random agent,False
19,hand_selected_005,f86fa6f2-9ad6-11ea-a824-6fbc31a38f44,0.2378623782955913,2.0,random agent,False
20,hand_selected_005,16fbef3a-9ad8-11ea-8cec-4b858b430440,0.12026842445189219,3.0,random agent,False
21,hand_selected_005,16fd7d1e-9ad8-11ea-a445-0585cd0c72e4,0.14576865158865004,3.0,random agent,False
22,hand_selected_005,16ff30b4-9ad8-11ea-b529-3565bed046b0,0.14832064466200925,3.0,random agent,False
23,hand_selected_005,1715543e-9ad8-11ea-bc86-0990282eeb5d,0.13523637938842617,3.0,random agent,False
24,hand_selected_005,1718e842-9ad8-11ea-b0ce-d183ac075b20,0.1480623302438888,3.0,random agent,False
25,hand_selected_005,17246df2-9ad8-11ea-a86f-f9dfd52c2d96,0.15713059494418172,3.0,random agent,False
26,hand_selected_005,1727c33a-9ad8-11ea-89ce-439cc5b97abb,0.14110186286167262,3.0,random agent,False
27,hand_selected_005,f0886be0-9ad1-11ea-a6ce-7b4ad11c7c0e,0.15672635445362718,3.0,random agent,False
28,hand_selected_005,f8585560-9ad6-11ea-b38c-5bfee5a1c9e8,0.13203646387464937,3.0,random agent,False
29,hand_selected_005,f86fa6f2-9ad6-11ea-a824-6fbc31a38f44,0.1334977725782191,3.0,random agent,False
30,hand_selected_005,16fbef3a-9ad8-11ea-8cec-4b858b430440,0.06722470664679127,4.0,random agent,False
31,hand_selected_005,16fd7d1e-9ad8-11ea-a445-0585cd0c72e4,0.08364452761691211,4.0,random agent,False
32,hand_selected_005,16ff30b4-9ad8-11ea-b529-3565bed046b0,0.07762244730329121,4.0,random agent,False
33,hand_selected_005,1715543e-9ad8-11ea-bc86-0990282eeb5d,0.07448014088502405,4.0,random agent,False
34,hand_selected_005,1718e842-9ad8-11ea-b0ce-d183ac075b20,0.09103172457639207,4.0,random agent,False
35,hand_selected_005,17246df2-9ad8-11ea-a86f-f9dfd52c2d96,0.08014790487369107,4.0,random agent,False
36,hand_selected_005,1727c33a-9ad8-11ea-89ce-439cc5b97abb,0.07927269673301421,4.0,random agent,False
37,hand_selected_005,f0886be0-9ad1-11ea-a6ce-7b4ad11c7c0e,0.09421116593309008,4.0,random agent,False
38,hand_selected_005,f8585560-9ad6-11ea-b38c-5bfee5a1c9e8,0.06445042839657283,4.0,random agent,False
39,hand_selected_005,f86fa6f2-9ad6-11ea-a824-6fbc31a38f44,0.07104222535339302,4.0,random agent,False
40,hand_selected_005,16fbef3a-9ad8-11ea-8cec-4b858b430440,0.03141454540339559,5.0,random agent,False
41,hand_selected_005,16fd7d1e-9ad8-11ea-a445-0585cd0c72e4,0.03695311048252225,5.0,random agent,False
42,hand_selected_005,16ff30b4-9ad8-11ea-b529-3565bed046b0,0.03461002728119411,5.0,random agent,False
43,hand_selected_005,1715543e-9ad8-11ea-bc86-0990282eeb5d,0.028353550400794496,5.0,random agent,False
44,hand_selected_005,1718e842-9ad8-11ea-b0ce-d183ac075b20,0.049001621865943465,5.0,random agent,False
45,hand_selected_005,17246df2-9ad8-11ea-a86f-f9dfd52c2d96,0.031011408921056225,5.0,random agent,False
46,hand_selected_005,1727c33a-9ad8-11ea-89ce-439cc5b97abb,0.03281082109311137,5.0,random agent,False
47,hand_selected_005,f0886be0-9ad1-11ea-a6ce-7b4ad11c7c0e,0.05109840439214764,5.0,random agent,False
48,hand_selected_005,f8585560-9ad6-11ea-b38c-5bfee5a1c9e8,0.02421706123437149,5.0,random agent,False
49,hand_selected_005,f86fa6f2-9ad6-11ea-a824-6fbc31a38f44,0.026052114028840438,5.0,random agent,False
50,hand_selected_005,16fbef3a-9ad8-11ea-8cec-4b858b430440,0.007027991416929865,6.0,random agent,False
51,hand_selected_005,16fd7d1e-9ad8-11ea-a445-0585cd0c72e4,0.011815117613310385,6.0,random agent,False
52,hand_selected_005,16ff30b4-9ad8-11ea-b529-3565bed046b0,0.007214239504239163,6.0,random agent,False
53,hand_selected_005,1715543e-9ad8-11ea-bc86-0990282eeb5d,0.0030348449463789844,6.0,random agent,False
54,hand_selected_005,1718e842-9ad8-11ea-b0ce-d183ac075b20,0.025554626131346996,6.0,random agent,False
55,hand_selected_005,17246df2-9ad8-11ea-a86f-f9dfd52c2d96,0.010570597490883793,6.0,random agent,False
56,hand_selected_005,1727c33a-9ad8-11ea-89ce-439cc5b97abb,0.013273899303311068,6.0,random agent,False
57,hand_selected_005,f0886be0-9ad1-11ea-a6ce-7b4ad11c7c0e,0.02693805693890101,6.0,random agent,False
58,hand_selected_005,f8585560-9ad6-11ea-b38c-5bfee5a1c9e8,0.00746183640920483,6.0,random agent,False
59,hand_selected_005,f86fa6f2-9ad6-11ea-a824-6fbc31a38f44,0.005779953760369917,6.0,random agent,False
60,hand_selected_005,16fbef3a-9ad8-11ea-8cec-4b858b430440,0.0016556200172999896,7.0,random agent,False
61,hand_selected_005,16fd7d1e-9ad8-11ea-a445-0585cd0c72e4,0.0035148507124908306,7.0,random agent,False
62,hand_selected_005,16ff30b4-9ad8-11ea-b529-3565bed046b0,0.003418722673098668,7.0,random agent,False
63,hand_selected_005,1715543e-9ad8-11ea-bc86-0990282eeb5d,0.0018083063731292252,7.0,random agent,False
64,hand_selected_005,1718e842-9ad8-11ea-b0ce-d183ac075b20,0.011800974965663999,7.0,random agent,False
65,hand_selected_005,17246df2-9ad8-11ea-a86f-f9dfd52c2d96,0.0018050423251303827,7.0,random agent,False
66,hand_selected_005,1727c33a-9ad8-11ea-89ce-439cc5b97abb,0.0,7.0,random agent,False
67,hand_selected_005,f0886be0-9ad1-11ea-a6ce-7b4ad11c7c0e,0.012608443407045616,7.0,random agent,False
68,hand_selected_005,f8585560-9ad6-11ea-b38c-5bfee5a1c9e8,0.00178251980577562,7.0,random agent,False
69,hand_selected_005,f86fa6f2-9ad6-11ea-a824-6fbc31a38f44,0.0017123186739992809,7.0,random agent,False
70,hand_selected_005,16fbef3a-9ad8-11ea-8cec-4b858b430440,0.0,8.0,random agent,False
71,hand_selected_005,16fd7d1e-9ad8-11ea-a445-0585cd0c72e4,0.0,8.0,random agent,False
72,hand_selected_005,16ff30b4-9ad8-11ea-b529-3565bed046b0,0.0,8.0,random agent,False
73,hand_selected_005,1715543e-9ad8-11ea-bc86-0990282eeb5d,0.0,8.0,random agent,False
74,hand_selected_005,1718e842-9ad8-11ea-b0ce-d183ac075b20,0.006197861846397412,8.0,random agent,False
75,hand_selected_005,17246df2-9ad8-11ea-a86f-f9dfd52c2d96,0.0,8.0,random agent,False
76,hand_selected_005,1727c33a-9ad8-11ea-89ce-439cc5b97abb,0.0,8.0,random agent,False
77,hand_selected_005,f0886be0-9ad1-11ea-a6ce-7b4ad11c7c0e,0.008947073432848101,8.0,random agent,False
78,hand_selected_005,f8585560-9ad6-11ea-b38c-5bfee5a1c9e8,0.0,8.0,random agent,False
79,hand_selected_005,f86fa6f2-9ad6-11ea-a824-6fbc31a38f44,0.0,8.0,random agent,False
80,hand_selected_005,16fbef3a-9ad8-11ea-8cec-4b858b430440,0.0,9.0,random agent,False
81,hand_selected_005,16fd7d1e-9ad8-11ea-a445-0585cd0c72e4,0.0,9.0,random agent,False
82,hand_selected_005,16ff30b4-9ad8-11ea-b529-3565bed046b0,0.0,9.0,random agent,False
83,hand_selected_005,1715543e-9ad8-11ea-bc86-0990282eeb5d,0.0,9.0,random agent,False
84,hand_selected_005,1718e842-9ad8-11ea-b0ce-d183ac075b20,0.0026177648846525767,9.0,random agent,False
85,hand_selected_005,17246df2-9ad8-11ea-a86f-f9dfd52c2d96,0.0,9.0,random agent,False
86,hand_selected_005,1727c33a-9ad8-11ea-89ce-439cc5b97abb,0.0,9.0,random agent,False
87,hand_selected_005,f0886be0-9ad1-11ea-a6ce-7b4ad11c7c0e,0.005830500263843112,9.0,random agent,False
88,hand_selected_005,f8585560-9ad6-11ea-b38c-5bfee5a1c9e8,0.0,9.0,random agent,False
89,hand_selected_005,f86fa6f2-9ad6-11ea-a824-6fbc31a38f44,0.0,9.0,random agent,False
90,hand_selected_005,16fbef3a-9ad8-11ea-8cec-4b858b430440,0.0,10.0,random agent,False
91,hand_selected_005,16fd7d1e-9ad8-11ea-a445-0585cd0c72e4,0.0,10.0,random agent,False
92,hand_selected_005,16ff30b4-9ad8-11ea-b529-3565bed046b0,0.0,10.0,random agent,False
93,hand_selected_005,1715543e-9ad8-11ea-bc86-0990282eeb5d,0.0,10.0,random agent,False
94,hand_selected_005,1718e842-9ad8-11ea-b0ce-d183ac075b20,0.0,10.0,random agent,False
95,hand_selected_005,17246df2-9ad8-11ea-a86f-f9dfd52c2d96,0.0,10.0,random agent,False
96,hand_selected_005,1727c33a-9ad8-11ea-89ce-439cc5b97abb,0.0,10.0,random agent,False
97,hand_selected_005,f0886be0-9ad1-11ea-a6ce-7b4ad11c7c0e,0.004048448647751783,10.0,random agent,False
98,hand_selected_005,f8585560-9ad6-11ea-b38c-5bfee5a1c9e8,0.0,10.0,random agent,False
99,hand_selected_005,f86fa6f2-9ad6-11ea-a824-6fbc31a38f44,0.0,10.0,random agent,False
0,hand_selected_006,16fbef3a-9ad8-11ea-8cec-4b858b430440,0.476248086122504,1.0,random agent,False
1,hand_selected_006,16fd7d1e-9ad8-11ea-a445-0585cd0c72e4,0.513526949241235,1.0,random agent,False
2,hand_selected_006,16ff30b4-9ad8-11ea-b529-3565bed046b0,0.4952166784828074,1.0,random agent,False
3,hand_selected_006,1715543e-9ad8-11ea-bc86-0990282eeb5d,0.5200489995916701,1.0,random agent,False
4,hand_selected_006,1718e842-9ad8-11ea-b0ce-d183ac075b20,0.5036454504373866,1.0,random agent,False
5,hand_selected_006,17246df2-9ad8-11ea-a86f-f9dfd52c2d96,0.4979605739712325,1.0,random agent,False
6,hand_selected_006,1727c33a-9ad8-11ea-89ce-439cc5b97abb,0.5150261813021493,1.0,random agent,False
7,hand_selected_006,f0886be0-9ad1-11ea-a6ce-7b4ad11c7c0e,0.5034057813518801,1.0,random agent,False
8,hand_selected_006,f8585560-9ad6-11ea-b38c-5bfee5a1c9e8,0.4917200580421922,1.0,random agent,False
9,hand_selected_006,f86fa6f2-9ad6-11ea-a824-6fbc31a38f44,0.4592896943772162,1.0,random agent,False
10,hand_selected_006,16fbef3a-9ad8-11ea-8cec-4b858b430440,0.29599029205468097,2.0,random agent,False
11,hand_selected_006,16fd7d1e-9ad8-11ea-a445-0585cd0c72e4,0.3375283646076683,2.0,random agent,False
12,hand_selected_006,16ff30b4-9ad8-11ea-b529-3565bed046b0,0.32291866503489564,2.0,random agent,False
13,hand_selected_006,1715543e-9ad8-11ea-bc86-0990282eeb5d,0.3479211727950012,2.0,random agent,False
14,hand_selected_006,1718e842-9ad8-11ea-b0ce-d183ac075b20,0.3310380420758125,2.0,random agent,False
15,hand_selected_006,17246df2-9ad8-11ea-a86f-f9dfd52c2d96,0.3312774397256896,2.0,random agent,False
16,hand_selected_006,1727c33a-9ad8-11ea-89ce-439cc5b97abb,0.340919774915102,2.0,random agent,False
17,hand_selected_006,f0886be0-9ad1-11ea-a6ce-7b4ad11c7c0e,0.32619501577606425,2.0,random agent,False
18,hand_selected_006,f8585560-9ad6-11ea-b38c-5bfee5a1c9e8,0.33170792025977935,2.0,random agent,False
19,hand_selected_006,f86fa6f2-9ad6-11ea-a824-6fbc31a38f44,0.2781515322429028,2.0,random agent,False
20,hand_selected_006,16fbef3a-9ad8-11ea-8cec-4b858b430440,0.16965731246627092,3.0,random agent,False
21,hand_selected_006,16fd7d1e-9ad8-11ea-a445-0585cd0c72e4,0.2049522485393184,3.0,random agent,False
22,hand_selected_006,16ff30b4-9ad8-11ea-b529-3565bed046b0,0.19564918100767156,3.0,random agent,False
23,hand_selected_006,1715543e-9ad8-11ea-bc86-0990282eeb5d,0.21338368115326298,3.0,random agent,False
24,hand_selected_006,1718e842-9ad8-11ea-b0ce-d183ac075b20,0.19351101785251915,3.0,random agent,False
25,hand_selected_006,17246df2-9ad8-11ea-a86f-f9dfd52c2d96,0.2005552972608391,3.0,random agent,False
26,hand_selected_006,1727c33a-9ad8-11ea-89ce-439cc5b97abb,0.21121627617095895,3.0,random agent,False
27,hand_selected_006,f0886be0-9ad1-11ea-a6ce-7b4ad11c7c0e,0.18772491906677932,3.0,random agent,False
28,hand_selected_006,f8585560-9ad6-11ea-b38c-5bfee5a1c9e8,0.21150293196240663,3.0,random agent,False
29,hand_selected_006,f86fa6f2-9ad6-11ea-a824-6fbc31a38f44,0.15490153579390636,3.0,random agent,False
30,hand_selected_006,16fbef3a-9ad8-11ea-8cec-4b858b430440,0.08893621963464161,4.0,random agent,False
31,hand_selected_006,16fd7d1e-9ad8-11ea-a445-0585cd0c72e4,0.11585087391539005,4.0,random agent,False
32,hand_selected_006,16ff30b4-9ad8-11ea-b529-3565bed046b0,0.10693084368047764,4.0,random agent,False
33,hand_selected_006,1715543e-9ad8-11ea-bc86-0990282eeb5d,0.11764509038280142,4.0,random agent,False
34,hand_selected_006,1718e842-9ad8-11ea-b0ce-d183ac075b20,0.10174168757539669,4.0,random agent,False
35,hand_selected_006,17246df2-9ad8-11ea-a86f-f9dfd52c2d96,0.11748561260247427,4.0,random agent,False
36,hand_selected_006,1727c33a-9ad8-11ea-89ce-439cc5b97abb,0.12091259517990949,4.0,random agent,False
37,hand_selected_006,f0886be0-9ad1-11ea-a6ce-7b4ad11c7c0e,0.0971757725206134,4.0,random agent,False
38,hand_selected_006,f8585560-9ad6-11ea-b38c-5bfee5a1c9e8,0.12008265936578866,4.0,random agent,False
39,hand_selected_006,f86fa6f2-9ad6-11ea-a824-6fbc31a38f44,0.07090843741576063,4.0,random agent,False
40,hand_selected_006,16fbef3a-9ad8-11ea-8cec-4b858b430440,0.039593691271974686,5.0,random agent,False
41,hand_selected_006,16fd7d1e-9ad8-11ea-a445-0585cd0c72e4,0.0517932015573525,5.0,random agent,False
42,hand_selected_006,16ff30b4-9ad8-11ea-b529-3565bed046b0,0.04789901970115161,5.0,random agent,False
43,hand_selected_006,1715543e-9ad8-11ea-bc86-0990282eeb5d,0.047318611987381694,5.0,random agent,False
44,hand_selected_006,1718e842-9ad8-11ea-b0ce-d183ac075b20,0.04853305623853569,5.0,random agent,False
45,hand_selected_006,17246df2-9ad8-11ea-a86f-f9dfd52c2d96,0.059675844194869106,5.0,random agent,False
46,hand_selected_006,1727c33a-9ad8-11ea-89ce-439cc5b97abb,0.05384087791495199,5.0,random agent,False
47,hand_selected_006,f0886be0-9ad1-11ea-a6ce-7b4ad11c7c0e,0.041525743574759244,5.0,random agent,False
48,hand_selected_006,f8585560-9ad6-11ea-b38c-5bfee5a1c9e8,0.06510379136041676,5.0,random agent,False
49,hand_selected_006,f86fa6f2-9ad6-11ea-a824-6fbc31a38f44,0.02638036809815951,5.0,random agent,False
50,hand_selected_006,16fbef3a-9ad8-11ea-8cec-4b858b430440,0.01415336518494537,6.0,random agent,False
51,hand_selected_006,16fd7d1e-9ad8-11ea-a445-0585cd0c72e4,0.017320047242249517,6.0,random agent,False
52,hand_selected_006,16ff30b4-9ad8-11ea-b529-3565bed046b0,0.01763636363636364,6.0,random agent,False
53,hand_selected_006,1715543e-9ad8-11ea-bc86-0990282eeb5d,0.01489066031951061,6.0,random agent,False
54,hand_selected_006,1718e842-9ad8-11ea-b0ce-d183ac075b20,0.021329844337090714,6.0,random agent,False
55,hand_selected_006,17246df2-9ad8-11ea-a86f-f9dfd52c2d96,0.025737090214639654,6.0,random agent,False
56,hand_selected_006,1727c33a-9ad8-11ea-89ce-439cc5b97abb,0.01813288001133305,6.0,random agent,False
57,hand_selected_006,f0886be0-9ad1-11ea-a6ce-7b4ad11c7c0e,0.014377725595437773,6.0,random agent,False
58,hand_selected_006,f8585560-9ad6-11ea-b38c-5bfee5a1c9e8,0.029589832594508748,6.0,random agent,False
59,hand_selected_006,f86fa6f2-9ad6-11ea-a824-6fbc31a38f44,0.012272020807561772,6.0,random agent,False
60,hand_selected_006,16fbef3a-9ad8-11ea-8cec-4b858b430440,0.0022074838608402174,7.0,random agent,False
61,hand_selected_006,16fd7d1e-9ad8-11ea-a445-0585cd0c72e4,0.008582392861868845,7.0,random agent,False
62,hand_selected_006,16ff30b4-9ad8-11ea-b529-3565bed046b0,0.008742477035159964,7.0,random agent,False
63,hand_selected_006,1715543e-9ad8-11ea-bc86-0990282eeb5d,0.004694625771259948,7.0,random agent,False
64,hand_selected_006,1718e842-9ad8-11ea-b0ce-d183ac075b20,0.00886774635013458,7.0,random agent,False
65,hand_selected_006,17246df2-9ad8-11ea-a86f-f9dfd52c2d96,0.014855127141024674,7.0,random agent,False
66,hand_selected_006,1727c33a-9ad8-11ea-89ce-439cc5b97abb,0.004545264128021448,7.0,random agent,False
67,hand_selected_006,f0886be0-9ad1-11ea-a6ce-7b4ad11c7c0e,0.004474091358713572,7.0,random agent,False
68,hand_selected_006,f8585560-9ad6-11ea-b38c-5bfee5a1c9e8,0.014004243026090097,7.0,random agent,False
69,hand_selected_006,f86fa6f2-9ad6-11ea-a824-6fbc31a38f44,0.004328839946838808,7.0,random agent,False
70,hand_selected_006,16fbef3a-9ad8-11ea-8cec-4b858b430440,0.0,8.0,random agent,False
71,hand_selected_006,16fd7d1e-9ad8-11ea-a445-0585cd0c72e4,0.005570678975815678,8.0,random agent,False
72,hand_selected_006,16ff30b4-9ad8-11ea-b529-3565bed046b0,0.0,8.0,random agent,False
73,hand_selected_006,1715543e-9ad8-11ea-bc86-0990282eeb5d,0.0,8.0,random agent,False
74,hand_selected_006,1718e842-9ad8-11ea-b0ce-d183ac075b20,0.0,8.0,random agent,False
75,hand_selected_006,17246df2-9ad8-11ea-a86f-f9dfd52c2d96,0.011016516928871277,8.0,random agent,False
76,hand_selected_006,1727c33a-9ad8-11ea-89ce-439cc5b97abb,0.0,8.0,random agent,False
77,hand_selected_006,f0886be0-9ad1-11ea-a6ce-7b4ad11c7c0e,0.0,8.0,random agent,False
78,hand_selected_006,f8585560-9ad6-11ea-b38c-5bfee5a1c9e8,0.0031249383884387133,8.0,random agent,False
79,hand_selected_006,f86fa6f2-9ad6-11ea-a824-6fbc31a38f44,0.0,8.0,random agent,False
80,hand_selected_006,16fbef3a-9ad8-11ea-8cec-4b858b430440,0.0,9.0,random agent,False
81,hand_selected_006,16fd7d1e-9ad8-11ea-a445-0585cd0c72e4,0.003952444191488016,9.0,random agent,False
82,hand_selected_006,16ff30b4-9ad8-11ea-b529-3565bed046b0,0.0,9.0,random agent,False
83,hand_selected_006,1715543e-9ad8-11ea-bc86-0990282eeb5d,0.0,9.0,random agent,False
84,hand_selected_006,1718e842-9ad8-11ea-b0ce-d183ac075b20,0.0,9.0,random agent,False
85,hand_selected_006,17246df2-9ad8-11ea-a86f-f9dfd52c2d96,0.011669856009034727,9.0,random agent,False
86,hand_selected_006,1727c33a-9ad8-11ea-89ce-439cc5b97abb,0.0,9.0,random agent,False
87,hand_selected_006,f0886be0-9ad1-11ea-a6ce-7b4ad11c7c0e,0.0,9.0,random agent,False
88,hand_selected_006,f8585560-9ad6-11ea-b38c-5bfee5a1c9e8,0.0,9.0,random agent,False
89,hand_selected_006,f86fa6f2-9ad6-11ea-a824-6fbc31a38f44,0.0,9.0,random agent,False
90,hand_selected_006,16fbef3a-9ad8-11ea-8cec-4b858b430440,0.0,10.0,random agent,False
91,hand_selected_006,16fd7d1e-9ad8-11ea-a445-0585cd0c72e4,0.0,10.0,random agent,False
92,hand_selected_006,16ff30b4-9ad8-11ea-b529-3565bed046b0,0.0,10.0,random agent,False
93,hand_selected_006,1715543e-9ad8-11ea-bc86-0990282eeb5d,0.0,10.0,random agent,False
94,hand_selected_006,1718e842-9ad8-11ea-b0ce-d183ac075b20,0.0,10.0,random agent,False
95,hand_selected_006,17246df2-9ad8-11ea-a86f-f9dfd52c2d96,0.012734556188066624,10.0,random agent,False
96,hand_selected_006,1727c33a-9ad8-11ea-89ce-439cc5b97abb,0.0,10.0,random agent,False
97,hand_selected_006,f0886be0-9ad1-11ea-a6ce-7b4ad11c7c0e,0.0,10.0,random agent,False
98,hand_selected_006,f8585560-9ad6-11ea-b38c-5bfee5a1c9e8,0.0,10.0,random agent,False
99,hand_selected_006,f86fa6f2-9ad6-11ea-a824-6fbc31a38f44,0.0,10.0,random agent,False
0,hand_selected_008,16fbef3a-9ad8-11ea-8cec-4b858b430440,0.34784995164074584,1.0,random agent,False
1,hand_selected_008,16fd7d1e-9ad8-11ea-a445-0585cd0c72e4,0.3564795669824087,1.0,random agent,False
2,hand_selected_008,16ff30b4-9ad8-11ea-b529-3565bed046b0,0.3575154515199821,1.0,random agent,False
3,hand_selected_008,1715543e-9ad8-11ea-bc86-0990282eeb5d,0.3504480286738351,1.0,random agent,False
4,hand_selected_008,1718e842-9ad8-11ea-b0ce-d183ac075b20,0.3556224063746374,1.0,random agent,False
5,hand_selected_008,17246df2-9ad8-11ea-a86f-f9dfd52c2d96,0.32183896448775784,1.0,random agent,False
6,hand_selected_008,1727c33a-9ad8-11ea-89ce-439cc5b97abb,0.3221108804028367,1.0,random agent,False
7,hand_selected_008,f0886be0-9ad1-11ea-a6ce-7b4ad11c7c0e,0.3557625919334434,1.0,random agent,False
8,hand_selected_008,f8585560-9ad6-11ea-b38c-5bfee5a1c9e8,0.33547342744614983,1.0,random agent,False
9,hand_selected_008,f86fa6f2-9ad6-11ea-a824-6fbc31a38f44,0.3638625063898647,1.0,random agent,False
10,hand_selected_008,16fbef3a-9ad8-11ea-8cec-4b858b430440,0.16938499389437633,2.0,random agent,False
11,hand_selected_008,16fd7d1e-9ad8-11ea-a445-0585cd0c72e4,0.17467530638118045,2.0,random agent,False
12,hand_selected_008,16ff30b4-9ad8-11ea-b529-3565bed046b0,0.18279045919246006,2.0,random agent,False
13,hand_selected_008,1715543e-9ad8-11ea-bc86-0990282eeb5d,0.18754540536362935,2.0,random agent,False
14,hand_selected_008,1718e842-9ad8-11ea-b0ce-d183ac075b20,0.17940866029892757,2.0,random agent,False
15,hand_selected_008,17246df2-9ad8-11ea-a86f-f9dfd52c2d96,0.1540658278622113,2.0,random agent,False
16,hand_selected_008,1727c33a-9ad8-11ea-89ce-439cc5b97abb,0.14741798473699733,2.0,random agent,False
17,hand_selected_008,f0886be0-9ad1-11ea-a6ce-7b4ad11c7c0e,0.1791541185270134,2.0,random agent,False
18,hand_selected_008,f8585560-9ad6-11ea-b38c-5bfee5a1c9e8,0.15437670458946942,2.0,random agent,False
19,hand_selected_008,f86fa6f2-9ad6-11ea-a824-6fbc31a38f44,0.1853082067968185,2.0,random agent,False
20,hand_selected_008,16fbef3a-9ad8-11ea-8cec-4b858b430440,0.08207130192378745,3.0,random agent,False
21,hand_selected_008,16fd7d1e-9ad8-11ea-a445-0585cd0c72e4,0.08081160707078859,3.0,random agent,False
22,hand_selected_008,16ff30b4-9ad8-11ea-b529-3565bed046b0,0.091402071998463,3.0,random agent,False
23,hand_selected_008,1715543e-9ad8-11ea-bc86-0990282eeb5d,0.09924725137431284,3.0,random agent,False
24,hand_selected_008,1718e842-9ad8-11ea-b0ce-d183ac075b20,0.08188651890689545,3.0,random agent,False
25,hand_selected_008,17246df2-9ad8-11ea-a86f-f9dfd52c2d96,0.07152782326820428,3.0,random agent,False
26,hand_selected_008,1727c33a-9ad8-11ea-89ce-439cc5b97abb,0.06248112722894778,3.0,random agent,False
27,hand_selected_008,f0886be0-9ad1-11ea-a6ce-7b4ad11c7c0e,0.08929810536738181,3.0,random agent,False
28,hand_selected_008,f8585560-9ad6-11ea-b38c-5bfee5a1c9e8,0.0671912446541209,3.0,random agent,False
29,hand_selected_008,f86fa6f2-9ad6-11ea-a824-6fbc31a38f44,0.0868338158993216,3.0,random agent,False
30,hand_selected_008,16fbef3a-9ad8-11ea-8cec-4b858b430440,0.03486156196513616,4.0,random agent,False
31,hand_selected_008,16fd7d1e-9ad8-11ea-a445-0585cd0c72e4,0.039828543153351346,4.0,random agent,False
32,hand_selected_008,16ff30b4-9ad8-11ea-b529-3565bed046b0,0.04367235301570267,4.0,random agent,False
33,hand_selected_008,1715543e-9ad8-11ea-bc86-0990282eeb5d,0.05056445517275011,4.0,random agent,False
34,hand_selected_008,1718e842-9ad8-11ea-b0ce-d183ac075b20,0.03323855188819506,4.0,random agent,False
35,hand_selected_008,17246df2-9ad8-11ea-a86f-f9dfd52c2d96,0.034515661628715145,4.0,random agent,False
36,hand_selected_008,1727c33a-9ad8-11ea-89ce-439cc5b97abb,0.028449218093156214,4.0,random agent,False
37,hand_selected_008,f0886be0-9ad1-11ea-a6ce-7b4ad11c7c0e,0.04203743297056833,4.0,random agent,False
38,hand_selected_008,f8585560-9ad6-11ea-b38c-5bfee5a1c9e8,0.02600481710070751,4.0,random agent,False
39,hand_selected_008,f86fa6f2-9ad6-11ea-a824-6fbc31a38f44,0.03749478588133837,4.0,random agent,False
40,hand_selected_008,16fbef3a-9ad8-11ea-8cec-4b858b430440,0.011651731436033685,5.0,random agent,False
41,hand_selected_008,16fd7d1e-9ad8-11ea-a445-0585cd0c72e4,0.017816542242589994,5.0,random agent,False
42,hand_selected_008,16ff30b4-9ad8-11ea-b529-3565bed046b0,0.017026202802703873,5.0,random agent,False
43,hand_selected_008,1715543e-9ad8-11ea-bc86-0990282eeb5d,0.02512739333634856,5.0,random agent,False
44,hand_selected_008,1718e842-9ad8-11ea-b0ce-d183ac075b20,0.012965458073505957,5.0,random agent,False
45,hand_selected_008,17246df2-9ad8-11ea-a86f-f9dfd52c2d96,0.015452522472403595,5.0,random agent,False
46,hand_selected_008,1727c33a-9ad8-11ea-89ce-439cc5b97abb,0.01074631204127607,5.0,random agent,False
47,hand_selected_008,f0886be0-9ad1-11ea-a6ce-7b4ad11c7c0e,0.01789791450899162,5.0,random agent,False
48,hand_selected_008,f8585560-9ad6-11ea-b38c-5bfee5a1c9e8,0.012957789750971479,5.0,random agent,False
49,hand_selected_008,f86fa6f2-9ad6-11ea-a824-6fbc31a38f44,0.0165580074646041,5.0,random agent,False
50,hand_selected_008,16fbef3a-9ad8-11ea-8cec-4b858b430440,0.0013440811454981444,6.0,random agent,False
51,hand_selected_008,16fd7d1e-9ad8-11ea-a445-0585cd0c72e4,0.00956104120641629,6.0,random agent,False
52,hand_selected_008,16ff30b4-9ad8-11ea-b529-3565bed046b0,0.007027991416929865,6.0,random agent,False
53,hand_selected_008,1715543e-9ad8-11ea-bc86-0990282eeb5d,0.012373027035474292,6.0,random agent,False
54,hand_selected_008,1718e842-9ad8-11ea-b0ce-d183ac075b20,0.002717350843495481,6.0,random agent,False
55,hand_selected_008,17246df2-9ad8-11ea-a86f-f9dfd52c2d96,0.002739684557866376,6.0,random agent,False
56,hand_selected_008,1727c33a-9ad8-11ea-89ce-439cc5b97abb,0.002735936813067589,6.0,random agent,False
57,hand_selected_008,f0886be0-9ad1-11ea-a6ce-7b4ad11c7c0e,0.005483038158673265,6.0,random agent,False
58,hand_selected_008,f8585560-9ad6-11ea-b38c-5bfee5a1c9e8,0.005397991402244254,6.0,random agent,False
59,hand_selected_008,f86fa6f2-9ad6-11ea-a824-6fbc31a38f44,0.00678362309363279,6.0,random agent,False
60,hand_selected_008,16fbef3a-9ad8-11ea-8cec-4b858b430440,0.0,7.0,random agent,False
61,hand_selected_008,16fd7d1e-9ad8-11ea-a445-0585cd0c72e4,0.004815182725989439,7.0,random agent,False
62,hand_selected_008,16ff30b4-9ad8-11ea-b529-3565bed046b0,0.003305712149181988,7.0,random agent,False
63,hand_selected_008,1715543e-9ad8-11ea-bc86-0990282eeb5d,0.004854136776661884,7.0,random agent,False
64,hand_selected_008,1718e842-9ad8-11ea-b0ce-d183ac075b20,0.0,7.0,random agent,False
65,hand_selected_008,17246df2-9ad8-11ea-a86f-f9dfd52c2d96,0.0,7.0,random agent,False
66,hand_selected_008,1727c33a-9ad8-11ea-89ce-439cc5b97abb,0.0,7.0,random agent,False
67,hand_selected_008,f0886be0-9ad1-11ea-a6ce-7b4ad11c7c0e,0.0,7.0,random agent,False
68,hand_selected_008,f8585560-9ad6-11ea-b38c-5bfee5a1c9e8,0.0,7.0,random agent,False
69,hand_selected_008,f86fa6f2-9ad6-11ea-a824-6fbc31a38f44,0.001592348574020005,7.0,random agent,False
70,hand_selected_008,16fbef3a-9ad8-11ea-8cec-4b858b430440,0.0,8.0,random agent,False
71,hand_selected_008,16fd7d1e-9ad8-11ea-a445-0585cd0c72e4,0.003868354813679289,8.0,random agent,False
72,hand_selected_008,16ff30b4-9ad8-11ea-b529-3565bed046b0,0.002003991822420467,8.0,random agent,False
73,hand_selected_008,1715543e-9ad8-11ea-bc86-0990282eeb5d,0.0,8.0,random agent,False
74,hand_selected_008,1718e842-9ad8-11ea-b0ce-d183ac075b20,0.0,8.0,random agent,False
75,hand_selected_008,17246df2-9ad8-11ea-a86f-f9dfd52c2d96,0.0,8.0,random agent,False
76,hand_selected_008,1727c33a-9ad8-11ea-89ce-439cc5b97abb,0.0,8.0,random agent,False
77,hand_selected_008,f0886be0-9ad1-11ea-a6ce-7b4ad11c7c0e,0.0,8.0,random agent,False
78,hand_selected_008,f8585560-9ad6-11ea-b38c-5bfee5a1c9e8,0.0,8.0,random agent,False
79,hand_selected_008,f86fa6f2-9ad6-11ea-a824-6fbc31a38f44,0.0,8.0,random agent,False
80,hand_selected_008,16fbef3a-9ad8-11ea-8cec-4b858b430440,0.0,9.0,random agent,False
81,hand_selected_008,16fd7d1e-9ad8-11ea-a445-0585cd0c72e4,0.0024212789077079342,9.0,random agent,False
82,hand_selected_008,16ff30b4-9ad8-11ea-b529-3565bed046b0,0.0,9.0,random agent,False
83,hand_selected_008,1715543e-9ad8-11ea-bc86-0990282eeb5d,0.0,9.0,random agent,False
84,hand_selected_008,1718e842-9ad8-11ea-b0ce-d183ac075b20,0.0,9.0,random agent,False
85,hand_selected_008,17246df2-9ad8-11ea-a86f-f9dfd52c2d96,0.0,9.0,random agent,False
86,hand_selected_008,1727c33a-9ad8-11ea-89ce-439cc5b97abb,0.0,9.0,random agent,False
87,hand_selected_008,f0886be0-9ad1-11ea-a6ce-7b4ad11c7c0e,0.0,9.0,random agent,False
88,hand_selected_008,f8585560-9ad6-11ea-b38c-5bfee5a1c9e8,0.0,9.0,random agent,False
89,hand_selected_008,f86fa6f2-9ad6-11ea-a824-6fbc31a38f44,0.0,9.0,random agent,False
90,hand_selected_008,16fbef3a-9ad8-11ea-8cec-4b858b430440,0.0,10.0,random agent,False
91,hand_selected_008,16fd7d1e-9ad8-11ea-a445-0585cd0c72e4,0.0,10.0,random agent,False
92,hand_selected_008,16ff30b4-9ad8-11ea-b529-3565bed046b0,0.0,10.0,random agent,False
93,hand_selected_008,1715543e-9ad8-11ea-bc86-0990282eeb5d,0.0,10.0,random agent,False
94,hand_selected_008,1718e842-9ad8-11ea-b0ce-d183ac075b20,0.0,10.0,random agent,False
95,hand_selected_008,17246df2-9ad8-11ea-a86f-f9dfd52c2d96,0.0,10.0,random agent,False
96,hand_selected_008,1727c33a-9ad8-11ea-89ce-439cc5b97abb,0.0,10.0,random agent,False
97,hand_selected_008,f0886be0-9ad1-11ea-a6ce-7b4ad11c7c0e,0.0,10.0,random agent,False
98,hand_selected_008,f8585560-9ad6-11ea-b38c-5bfee5a1c9e8,0.0,10.0,random agent,False
99,hand_selected_008,f86fa6f2-9ad6-11ea-a824-6fbc31a38f44,0.0,10.0,random agent,False
0,hand_selected_009,16fbef3a-9ad8-11ea-8cec-4b858b430440,0.2648380852168869,1.0,random agent,False
1,hand_selected_009,16fd7d1e-9ad8-11ea-a445-0585cd0c72e4,0.251031939158226,1.0,random agent,False
2,hand_selected_009,16ff30b4-9ad8-11ea-b529-3565bed046b0,0.2564799654825644,1.0,random agent,False
3,hand_selected_009,1715543e-9ad8-11ea-bc86-0990282eeb5d,0.2604106681355244,1.0,random agent,False
4,hand_selected_009,1718e842-9ad8-11ea-b0ce-d183ac075b20,0.25951413876073376,1.0,random agent,False
5,hand_selected_009,17246df2-9ad8-11ea-a86f-f9dfd52c2d96,0.27832529852406734,1.0,random agent,False
6,hand_selected_009,1727c33a-9ad8-11ea-89ce-439cc5b97abb,0.27516794777143544,1.0,random agent,False
7,hand_selected_009,f0886be0-9ad1-11ea-a6ce-7b4ad11c7c0e,0.24612508610377726,1.0,random agent,False
8,hand_selected_009,f8585560-9ad6-11ea-b38c-5bfee5a1c9e8,0.26904299583911234,1.0,random agent,False
9,hand_selected_009,f86fa6f2-9ad6-11ea-a824-6fbc31a38f44,0.27270418851491185,1.0,random agent,False
10,hand_selected_009,16fbef3a-9ad8-11ea-8cec-4b858b430440,0.11556267896510655,2.0,random agent,False
11,hand_selected_009,16fd7d1e-9ad8-11ea-a445-0585cd0c72e4,0.09338055929590383,2.0,random agent,False
12,hand_selected_009,16ff30b4-9ad8-11ea-b529-3565bed046b0,0.10156504111164061,2.0,random agent,False
13,hand_selected_009,1715543e-9ad8-11ea-bc86-0990282eeb5d,0.1134206765533943,2.0,random agent,False
14,hand_selected_009,1718e842-9ad8-11ea-b0ce-d183ac075b20,0.10656601986715554,2.0,random agent,False
15,hand_selected_009,17246df2-9ad8-11ea-a86f-f9dfd52c2d96,0.12440791006422494,2.0,random agent,False
16,hand_selected_009,1727c33a-9ad8-11ea-89ce-439cc5b97abb,0.12045938747425716,2.0,random agent,False
17,hand_selected_009,f0886be0-9ad1-11ea-a6ce-7b4ad11c7c0e,0.09552072273996305,2.0,random agent,False
18,hand_selected_009,f8585560-9ad6-11ea-b38c-5bfee5a1c9e8,0.11514968212215919,2.0,random agent,False
19,hand_selected_009,f86fa6f2-9ad6-11ea-a824-6fbc31a38f44,0.1104991983704323,2.0,random agent,False
20,hand_selected_009,16fbef3a-9ad8-11ea-8cec-4b858b430440,0.04353050161257119,3.0,random agent,False
21,hand_selected_009,16fd7d1e-9ad8-11ea-a445-0585cd0c72e4,0.025533219275734247,3.0,random agent,False
22,hand_selected_009,16ff30b4-9ad8-11ea-b529-3565bed046b0,0.041340754998352665,3.0,random agent,False
23,hand_selected_009,1715543e-9ad8-11ea-bc86-0990282eeb5d,0.046747768499856034,3.0,random agent,False
24,hand_selected_009,1718e842-9ad8-11ea-b0ce-d183ac075b20,0.03862456588514218,3.0,random agent,False
25,hand_selected_009,17246df2-9ad8-11ea-a86f-f9dfd52c2d96,0.05571139232795773,3.0,random agent,False
26,hand_selected_009,1727c33a-9ad8-11ea-89ce-439cc5b97abb,0.049436039395670824,3.0,random agent,False
27,hand_selected_009,f0886be0-9ad1-11ea-a6ce-7b4ad11c7c0e,0.03342631531748391,3.0,random agent,False
28,hand_selected_009,f8585560-9ad6-11ea-b38c-5bfee5a1c9e8,0.04183447840164259,3.0,random agent,False
29,hand_selected_009,f86fa6f2-9ad6-11ea-a824-6fbc31a38f44,0.04833465117345068,3.0,random agent,False
30,hand_selected_009,16fbef3a-9ad8-11ea-8cec-4b858b430440,0.01400041308527033,4.0,random agent,False
31,hand_selected_009,16fd7d1e-9ad8-11ea-a445-0585cd0c72e4,0.006351564598442117,4.0,random agent,False
32,hand_selected_009,16ff30b4-9ad8-11ea-b529-3565bed046b0,0.01059722824428707,4.0,random agent,False
33,hand_selected_009,1715543e-9ad8-11ea-bc86-0990282eeb5d,0.01876331229062731,4.0,random agent,False
34,hand_selected_009,1718e842-9ad8-11ea-b0ce-d183ac075b20,0.008935084029993658,4.0,random agent,False
35,hand_selected_009,17246df2-9ad8-11ea-a86f-f9dfd52c2d96,0.024770992366412215,4.0,random agent,False
36,hand_selected_009,1727c33a-9ad8-11ea-89ce-439cc5b97abb,0.017369159607089027,4.0,random agent,False
37,hand_selected_009,f0886be0-9ad1-11ea-a6ce-7b4ad11c7c0e,0.009645994211147075,4.0,random agent,False
38,hand_selected_009,f8585560-9ad6-11ea-b38c-5bfee5a1c9e8,0.010310832358076453,4.0,random agent,False
39,hand_selected_009,f86fa6f2-9ad6-11ea-a824-6fbc31a38f44,0.021399955458465018,4.0,random agent,False
40,hand_selected_009,16fbef3a-9ad8-11ea-8cec-4b858b430440,0.0019474048112915147,5.0,random agent,False
41,hand_selected_009,16fd7d1e-9ad8-11ea-a445-0585cd0c72e4,0.00302109238279451,5.0,random agent,False
42,hand_selected_009,16ff30b4-9ad8-11ea-b529-3565bed046b0,0.001962693326745814,5.0,random agent,False
43,hand_selected_009,1715543e-9ad8-11ea-bc86-0990282eeb5d,0.0069644839628803515,5.0,random agent,False
44,hand_selected_009,1718e842-9ad8-11ea-b0ce-d183ac075b20,0.0009950228994292023,5.0,random agent,False
45,hand_selected_009,17246df2-9ad8-11ea-a86f-f9dfd52c2d96,0.009230076059087933,5.0,random agent,False
46,hand_selected_009,1727c33a-9ad8-11ea-89ce-439cc5b97abb,0.0040753254236400305,5.0,random agent,False
47,hand_selected_009,f0886be0-9ad1-11ea-a6ce-7b4ad11c7c0e,0.001939849524452986,5.0,random agent,False
48,hand_selected_009,f8585560-9ad6-11ea-b38c-5bfee5a1c9e8,0.001901126862958924,5.0,random agent,False
49,hand_selected_009,f86fa6f2-9ad6-11ea-a824-6fbc31a38f44,0.00794387080968847,5.0,random agent,False
50,hand_selected_009,16fbef3a-9ad8-11ea-8cec-4b858b430440,0.0,6.0,random agent,False
51,hand_selected_009,16fd7d1e-9ad8-11ea-a445-0585cd0c72e4,0.001128665286192704,6.0,random agent,False
52,hand_selected_009,16ff30b4-9ad8-11ea-b529-3565bed046b0,0.0,6.0,random agent,False
53,hand_selected_009,1715543e-9ad8-11ea-bc86-0990282eeb5d,0.0022346144033340747,6.0,random agent,False
54,hand_selected_009,1718e842-9ad8-11ea-b0ce-d183ac075b20,0.0,6.0,random agent,False
55,hand_selected_009,17246df2-9ad8-11ea-a86f-f9dfd52c2d96,0.0023094595409212386,6.0,random agent,False
56,hand_selected_009,1727c33a-9ad8-11ea-89ce-439cc5b97abb,0.0011428541471713049,6.0,random agent,False
57,hand_selected_009,f0886be0-9ad1-11ea-a6ce-7b4ad11c7c0e,0.0010810785458672783,6.0,random agent,False
58,hand_selected_009,f8585560-9ad6-11ea-b38c-5bfee5a1c9e8,0.0,6.0,random agent,False
59,hand_selected_009,f86fa6f2-9ad6-11ea-a824-6fbc31a38f44,0.0033382465538870556,6.0,random agent,False
60,hand_selected_009,16fbef3a-9ad8-11ea-8cec-4b858b430440,0.0,7.0,random agent,False
61,hand_selected_009,16fd7d1e-9ad8-11ea-a445-0585cd0c72e4,0.0,7.0,random agent,False
62,hand_selected_009,16ff30b4-9ad8-11ea-b529-3565bed046b0,0.0,7.0,random agent,False
63,hand_selected_009,1715543e-9ad8-11ea-bc86-0990282eeb5d,0.001267423035494295,7.0,random agent,False
64,hand_selected_009,1718e842-9ad8-11ea-b0ce-d183ac075b20,0.0,7.0,random agent,False
65,hand_selected_009,17246df2-9ad8-11ea-a86f-f9dfd52c2d96,0.0,7.0,random agent,False
66,hand_selected_009,1727c33a-9ad8-11ea-89ce-439cc5b97abb,0.0,7.0,random agent,False
67,hand_selected_009,f0886be0-9ad1-11ea-a6ce-7b4ad11c7c0e,0.0,7.0,random agent,False
68,hand_selected_009,f8585560-9ad6-11ea-b38c-5bfee5a1c9e8,0.0,7.0,random agent,False
69,hand_selected_009,f86fa6f2-9ad6-11ea-a824-6fbc31a38f44,0.001261030022091969,7.0,random agent,False
70,hand_selected_009,16fbef3a-9ad8-11ea-8cec-4b858b430440,0.0,8.0,random agent,False
71,hand_selected_009,16fd7d1e-9ad8-11ea-a445-0585cd0c72e4,0.0,8.0,random agent,False
72,hand_selected_009,16ff30b4-9ad8-11ea-b529-3565bed046b0,0.0,8.0,random agent,False
73,hand_selected_009,1715543e-9ad8-11ea-bc86-0990282eeb5d,0.0,8.0,random agent,False
74,hand_selected_009,1718e842-9ad8-11ea-b0ce-d183ac075b20,0.0,8.0,random agent,False
75,hand_selected_009,17246df2-9ad8-11ea-a86f-f9dfd52c2d96,0.0,8.0,random agent,False
76,hand_selected_009,1727c33a-9ad8-11ea-89ce-439cc5b97abb,0.0,8.0,random agent,False
77,hand_selected_009,f0886be0-9ad1-11ea-a6ce-7b4ad11c7c0e,0.0,8.0,random agent,False
78,hand_selected_009,f8585560-9ad6-11ea-b38c-5bfee5a1c9e8,0.0,8.0,random agent,False
79,hand_selected_009,f86fa6f2-9ad6-11ea-a824-6fbc31a38f44,0.0,8.0,random agent,False
80,hand_selected_009,16fbef3a-9ad8-11ea-8cec-4b858b430440,0.0,9.0,random agent,False
81,hand_selected_009,16fd7d1e-9ad8-11ea-a445-0585cd0c72e4,0.0,9.0,random agent,False
82,hand_selected_009,16ff30b4-9ad8-11ea-b529-3565bed046b0,0.0,9.0,random agent,False
83,hand_selected_009,1715543e-9ad8-11ea-bc86-0990282eeb5d,0.0,9.0,random agent,False
84,hand_selected_009,1718e842-9ad8-11ea-b0ce-d183ac075b20,0.0,9.0,random agent,False
85,hand_selected_009,17246df2-9ad8-11ea-a86f-f9dfd52c2d96,0.0,9.0,random agent,False
86,hand_selected_009,1727c33a-9ad8-11ea-89ce-439cc5b97abb,0.0,9.0,random agent,False
87,hand_selected_009,f0886be0-9ad1-11ea-a6ce-7b4ad11c7c0e,0.0,9.0,random agent,False
88,hand_selected_009,f8585560-9ad6-11ea-b38c-5bfee5a1c9e8,0.0,9.0,random agent,False
89,hand_selected_009,f86fa6f2-9ad6-11ea-a824-6fbc31a38f44,0.0,9.0,random agent,False
90,hand_selected_009,16fbef3a-9ad8-11ea-8cec-4b858b430440,0.0,10.0,random agent,False
91,hand_selected_009,16fd7d1e-9ad8-11ea-a445-0585cd0c72e4,0.0,10.0,random agent,False
92,hand_selected_009,16ff30b4-9ad8-11ea-b529-3565bed046b0,0.0,10.0,random agent,False
93,hand_selected_009,1715543e-9ad8-11ea-bc86-0990282eeb5d,0.0,10.0,random agent,False
94,hand_selected_009,1718e842-9ad8-11ea-b0ce-d183ac075b20,0.0,10.0,random agent,False
95,hand_selected_009,17246df2-9ad8-11ea-a86f-f9dfd52c2d96,0.0,10.0,random agent,False
96,hand_selected_009,1727c33a-9ad8-11ea-89ce-439cc5b97abb,0.0,10.0,random agent,False
97,hand_selected_009,f0886be0-9ad1-11ea-a6ce-7b4ad11c7c0e,0.0,10.0,random agent,False
98,hand_selected_009,f8585560-9ad6-11ea-b38c-5bfee5a1c9e8,0.0,10.0,random agent,False
99,hand_selected_009,f86fa6f2-9ad6-11ea-a824-6fbc31a38f44,0.0,10.0,random agent,False
0,hand_selected_011,16fbef3a-9ad8-11ea-8cec-4b858b430440,0.325098835383781,1.0,random agent,False
1,hand_selected_011,16fd7d1e-9ad8-11ea-a445-0585cd0c72e4,0.3752166671690833,1.0,random agent,False
2,hand_selected_011,16ff30b4-9ad8-11ea-b529-3565bed046b0,0.3051893838984667,1.0,random agent,False
3,hand_selected_011,1715543e-9ad8-11ea-bc86-0990282eeb5d,0.3499102780860708,1.0,random agent,False
4,hand_selected_011,1718e842-9ad8-11ea-b0ce-d183ac075b20,0.3291347076838689,1.0,random agent,False
5,hand_selected_011,17246df2-9ad8-11ea-a86f-f9dfd52c2d96,0.3247151205011436,1.0,random agent,False
6,hand_selected_011,1727c33a-9ad8-11ea-89ce-439cc5b97abb,0.32252235877752417,1.0,random agent,False
7,hand_selected_011,f0886be0-9ad1-11ea-a6ce-7b4ad11c7c0e,0.3628260430006066,1.0,random agent,False
8,hand_selected_011,f8585560-9ad6-11ea-b38c-5bfee5a1c9e8,0.33178599791013585,1.0,random agent,False
9,hand_selected_011,f86fa6f2-9ad6-11ea-a824-6fbc31a38f44,0.30853058238108555,1.0,random agent,False
10,hand_selected_011,16fbef3a-9ad8-11ea-8cec-4b858b430440,0.17212282126004394,2.0,random agent,False
11,hand_selected_011,16fd7d1e-9ad8-11ea-a445-0585cd0c72e4,0.21931449125897795,2.0,random agent,False
12,hand_selected_011,16ff30b4-9ad8-11ea-b529-3565bed046b0,0.1684383180409361,2.0,random agent,False
13,hand_selected_011,1715543e-9ad8-11ea-bc86-0990282eeb5d,0.19775346930053025,2.0,random agent,False
14,hand_selected_011,1718e842-9ad8-11ea-b0ce-d183ac075b20,0.17307991440594955,2.0,random agent,False
15,hand_selected_011,17246df2-9ad8-11ea-a86f-f9dfd52c2d96,0.16922570297305883,2.0,random agent,False
16,hand_selected_011,1727c33a-9ad8-11ea-89ce-439cc5b97abb,0.159593950915612,2.0,random agent,False
17,hand_selected_011,f0886be0-9ad1-11ea-a6ce-7b4ad11c7c0e,0.19335259083133738,2.0,random agent,False
18,hand_selected_011,f8585560-9ad6-11ea-b38c-5bfee5a1c9e8,0.17918999213362152,2.0,random agent,False
19,hand_selected_011,f86fa6f2-9ad6-11ea-a824-6fbc31a38f44,0.16541681574239714,2.0,random agent,False
20,hand_selected_011,16fbef3a-9ad8-11ea-8cec-4b858b430440,0.10026347659347472,3.0,random agent,False
21,hand_selected_011,16fd7d1e-9ad8-11ea-a445-0585cd0c72e4,0.13871904397951385,3.0,random agent,False
22,hand_selected_011,16ff30b4-9ad8-11ea-b529-3565bed046b0,0.09896655718047648,3.0,random agent,False
23,hand_selected_011,1715543e-9ad8-11ea-bc86-0990282eeb5d,0.11548235688542452,3.0,random agent,False
24,hand_selected_011,1718e842-9ad8-11ea-b0ce-d183ac075b20,0.09741230486685032,3.0,random agent,False
25,hand_selected_011,17246df2-9ad8-11ea-a86f-f9dfd52c2d96,0.09565217391304348,3.0,random agent,False
26,hand_selected_011,1727c33a-9ad8-11ea-89ce-439cc5b97abb,0.0797919940247606,3.0,random agent,False
27,hand_selected_011,f0886be0-9ad1-11ea-a6ce-7b4ad11c7c0e,0.11453707251178612,3.0,random agent,False
28,hand_selected_011,f8585560-9ad6-11ea-b38c-5bfee5a1c9e8,0.10284859917787681,3.0,random agent,False
29,hand_selected_011,f86fa6f2-9ad6-11ea-a824-6fbc31a38f44,0.0968292607052309,3.0,random agent,False
30,hand_selected_011,16fbef3a-9ad8-11ea-8cec-4b858b430440,0.05675341105412796,4.0,random agent,False
31,hand_selected_011,16fd7d1e-9ad8-11ea-a445-0585cd0c72e4,0.0841593045108016,4.0,random agent,False
32,hand_selected_011,16ff30b4-9ad8-11ea-b529-3565bed046b0,0.05848517541756573,4.0,random agent,False
33,hand_selected_011,1715543e-9ad8-11ea-bc86-0990282eeb5d,0.06266978824529357,4.0,random agent,False
34,hand_selected_011,1718e842-9ad8-11ea-b0ce-d183ac075b20,0.05219409147649073,4.0,random agent,False
35,hand_selected_011,17246df2-9ad8-11ea-a86f-f9dfd52c2d96,0.04715076484577082,4.0,random agent,False
36,hand_selected_011,1727c33a-9ad8-11ea-89ce-439cc5b97abb,0.03227204231569976,4.0,random agent,False
37,hand_selected_011,f0886be0-9ad1-11ea-a6ce-7b4ad11c7c0e,0.06387728282706089,4.0,random agent,False
38,hand_selected_011,f8585560-9ad6-11ea-b38c-5bfee5a1c9e8,0.051881154626775915,4.0,random agent,False
39,hand_selected_011,f86fa6f2-9ad6-11ea-a824-6fbc31a38f44,0.047839126626737324,4.0,random agent,False
40,hand_selected_011,16fbef3a-9ad8-11ea-8cec-4b858b430440,0.02525042315269569,5.0,random agent,False
41,hand_selected_011,16fd7d1e-9ad8-11ea-a445-0585cd0c72e4,0.03792629826929222,5.0,random agent,False
42,hand_selected_011,16ff30b4-9ad8-11ea-b529-3565bed046b0,0.027458403523832445,5.0,random agent,False
43,hand_selected_011,1715543e-9ad8-11ea-bc86-0990282eeb5d,0.027780604687242045,5.0,random agent,False
44,hand_selected_011,1718e842-9ad8-11ea-b0ce-d183ac075b20,0.02112772352584528,5.0,random agent,False
45,hand_selected_011,17246df2-9ad8-11ea-a86f-f9dfd52c2d96,0.01900203949198109,5.0,random agent,False
46,hand_selected_011,1727c33a-9ad8-11ea-89ce-439cc5b97abb,0.009897130428089375,5.0,random agent,False
47,hand_selected_011,f0886be0-9ad1-11ea-a6ce-7b4ad11c7c0e,0.03039910296102246,5.0,random agent,False
48,hand_selected_011,f8585560-9ad6-11ea-b38c-5bfee5a1c9e8,0.018640307989741124,5.0,random agent,False
49,hand_selected_011,f86fa6f2-9ad6-11ea-a824-6fbc31a38f44,0.01910752383054303,5.0,random agent,False
50,hand_selected_011,16fbef3a-9ad8-11ea-8cec-4b858b430440,0.008749583088480535,6.0,random agent,False
51,hand_selected_011,16fd7d1e-9ad8-11ea-a445-0585cd0c72e4,0.015561803732349394,6.0,random agent,False
52,hand_selected_011,16ff30b4-9ad8-11ea-b529-3565bed046b0,0.013200488418071471,6.0,random agent,False
53,hand_selected_011,1715543e-9ad8-11ea-bc86-0990282eeb5d,0.013931633674025105,6.0,random agent,False
54,hand_selected_011,1718e842-9ad8-11ea-b0ce-d183ac075b20,0.002541262984926503,6.0,random agent,False
55,hand_selected_011,17246df2-9ad8-11ea-a86f-f9dfd52c2d96,0.007165139332637529,6.0,random agent,False
56,hand_selected_011,1727c33a-9ad8-11ea-89ce-439cc5b97abb,0.002503097306724115,6.0,random agent,False
57,hand_selected_011,f0886be0-9ad1-11ea-a6ce-7b4ad11c7c0e,0.00986983419485013,6.0,random agent,False
58,hand_selected_011,f8585560-9ad6-11ea-b38c-5bfee5a1c9e8,0.0046919760812126265,6.0,random agent,False
59,hand_selected_011,f86fa6f2-9ad6-11ea-a824-6fbc31a38f44,0.009038782318598832,6.0,random agent,False
60,hand_selected_011,16fbef3a-9ad8-11ea-8cec-4b858b430440,0.0028817960961715675,7.0,random agent,False
61,hand_selected_011,16fd7d1e-9ad8-11ea-a445-0585cd0c72e4,0.006873419958659587,7.0,random agent,False
62,hand_selected_011,16ff30b4-9ad8-11ea-b529-3565bed046b0,0.005547502939042019,7.0,random agent,False
63,hand_selected_011,1715543e-9ad8-11ea-bc86-0990282eeb5d,0.006674960350371761,7.0,random agent,False
64,hand_selected_011,1718e842-9ad8-11ea-b0ce-d183ac075b20,0.0,7.0,random agent,False
65,hand_selected_011,17246df2-9ad8-11ea-a86f-f9dfd52c2d96,0.0013717369288208353,7.0,random agent,False
66,hand_selected_011,1727c33a-9ad8-11ea-89ce-439cc5b97abb,0.0,7.0,random agent,False
67,hand_selected_011,f0886be0-9ad1-11ea-a6ce-7b4ad11c7c0e,0.001422469325465046,7.0,random agent,False
68,hand_selected_011,f8585560-9ad6-11ea-b38c-5bfee5a1c9e8,0.0013404777368838851,7.0,random agent,False
69,hand_selected_011,f86fa6f2-9ad6-11ea-a824-6fbc31a38f44,0.0025739682009765052,7.0,random agent,False
70,hand_selected_011,16fbef3a-9ad8-11ea-8cec-4b858b430440,0.0017006703839154377,8.0,random agent,False
71,hand_selected_011,16fd7d1e-9ad8-11ea-a445-0585cd0c72e4,0.0016128947932514599,8.0,random agent,False
72,hand_selected_011,16ff30b4-9ad8-11ea-b529-3565bed046b0,0.001631312645079854,8.0,random agent,False
73,hand_selected_011,1715543e-9ad8-11ea-bc86-0990282eeb5d,0.0015624923347118587,8.0,random agent,False
74,hand_selected_011,1718e842-9ad8-11ea-b0ce-d183ac075b20,0.0,8.0,random agent,False
75,hand_selected_011,17246df2-9ad8-11ea-a86f-f9dfd52c2d96,0.0,8.0,random agent,False
76,hand_selected_011,1727c33a-9ad8-11ea-89ce-439cc5b97abb,0.0,8.0,random agent,False
77,hand_selected_011,f0886be0-9ad1-11ea-a6ce-7b4ad11c7c0e,0.0,8.0,random agent,False
78,hand_selected_011,f8585560-9ad6-11ea-b38c-5bfee5a1c9e8,0.0,8.0,random agent,False
79,hand_selected_011,f86fa6f2-9ad6-11ea-a824-6fbc31a38f44,0.0,8.0,random agent,False
80,hand_selected_011,16fbef3a-9ad8-11ea-8cec-4b858b430440,0.0,9.0,random agent,False
81,hand_selected_011,16fd7d1e-9ad8-11ea-a445-0585cd0c72e4,0.0,9.0,random agent,False
82,hand_selected_011,16ff30b4-9ad8-11ea-b529-3565bed046b0,0.0,9.0,random agent,False
83,hand_selected_011,1715543e-9ad8-11ea-bc86-0990282eeb5d,0.0,9.0,random agent,False
84,hand_selected_011,1718e842-9ad8-11ea-b0ce-d183ac075b20,0.0,9.0,random agent,False
85,hand_selected_011,17246df2-9ad8-11ea-a86f-f9dfd52c2d96,0.0,9.0,random agent,False
86,hand_selected_011,1727c33a-9ad8-11ea-89ce-439cc5b97abb,0.0,9.0,random agent,False
87,hand_selected_011,f0886be0-9ad1-11ea-a6ce-7b4ad11c7c0e,0.0,9.0,random agent,False
88,hand_selected_011,f8585560-9ad6-11ea-b38c-5bfee5a1c9e8,0.0,9.0,random agent,False
89,hand_selected_011,f86fa6f2-9ad6-11ea-a824-6fbc31a38f44,0.0,9.0,random agent,False
90,hand_selected_011,16fbef3a-9ad8-11ea-8cec-4b858b430440,0.0,10.0,random agent,False
91,hand_selected_011,16fd7d1e-9ad8-11ea-a445-0585cd0c72e4,0.0,10.0,random agent,False
92,hand_selected_011,16ff30b4-9ad8-11ea-b529-3565bed046b0,0.0,10.0,random agent,False
93,hand_selected_011,1715543e-9ad8-11ea-bc86-0990282eeb5d,0.0,10.0,random agent,False
94,hand_selected_011,1718e842-9ad8-11ea-b0ce-d183ac075b20,0.0,10.0,random agent,False
95,hand_selected_011,17246df2-9ad8-11ea-a86f-f9dfd52c2d96,0.0,10.0,random agent,False
96,hand_selected_011,1727c33a-9ad8-11ea-89ce-439cc5b97abb,0.0,10.0,random agent,False
97,hand_selected_011,f0886be0-9ad1-11ea-a6ce-7b4ad11c7c0e,0.0,10.0,random agent,False
98,hand_selected_011,f8585560-9ad6-11ea-b38c-5bfee5a1c9e8,0.0,10.0,random agent,False
99,hand_selected_011,f86fa6f2-9ad6-11ea-a824-6fbc31a38f44,0.0,10.0,random agent,False
0,hand_selected_012,16fbef3a-9ad8-11ea-8cec-4b858b430440,0.5927744200731371,1.0,random agent,False
1,hand_selected_012,16fd7d1e-9ad8-11ea-a445-0585cd0c72e4,0.5768901569186876,1.0,random agent,False
2,hand_selected_012,16ff30b4-9ad8-11ea-b529-3565bed046b0,0.5870433251587751,1.0,random agent,False
3,hand_selected_012,1715543e-9ad8-11ea-bc86-0990282eeb5d,0.5980392915451218,1.0,random agent,False
4,hand_selected_012,1718e842-9ad8-11ea-b0ce-d183ac075b20,0.5683657724479576,1.0,random agent,False
5,hand_selected_012,17246df2-9ad8-11ea-a86f-f9dfd52c2d96,0.5804255586143071,1.0,random agent,False
6,hand_selected_012,1727c33a-9ad8-11ea-89ce-439cc5b97abb,0.5918640393994178,1.0,random agent,False
7,hand_selected_012,f0886be0-9ad1-11ea-a6ce-7b4ad11c7c0e,0.5805038523450076,1.0,random agent,False
8,hand_selected_012,f8585560-9ad6-11ea-b38c-5bfee5a1c9e8,0.6073530571992111,1.0,random agent,False
9,hand_selected_012,f86fa6f2-9ad6-11ea-a824-6fbc31a38f44,0.5878223030460479,1.0,random agent,False
10,hand_selected_012,16fbef3a-9ad8-11ea-8cec-4b858b430440,0.45616942243759806,2.0,random agent,False
11,hand_selected_012,16fd7d1e-9ad8-11ea-a445-0585cd0c72e4,0.4307519205580998,2.0,random agent,False
12,hand_selected_012,16ff30b4-9ad8-11ea-b529-3565bed046b0,0.44802114001938165,2.0,random agent,False
13,hand_selected_012,1715543e-9ad8-11ea-bc86-0990282eeb5d,0.4648747505356392,2.0,random agent,False
14,hand_selected_012,1718e842-9ad8-11ea-b0ce-d183ac075b20,0.41450893958214685,2.0,random agent,False
15,hand_selected_012,17246df2-9ad8-11ea-a86f-f9dfd52c2d96,0.43416223031661527,2.0,random agent,False
16,hand_selected_012,1727c33a-9ad8-11ea-89ce-439cc5b97abb,0.45678990913059003,2.0,random agent,False
17,hand_selected_012,f0886be0-9ad1-11ea-a6ce-7b4ad11c7c0e,0.4356892965204236,2.0,random agent,False
18,hand_selected_012,f8585560-9ad6-11ea-b38c-5bfee5a1c9e8,0.47601846563190375,2.0,random agent,False
19,hand_selected_012,f86fa6f2-9ad6-11ea-a824-6fbc31a38f44,0.44721460550288095,2.0,random agent,False
20,hand_selected_012,16fbef3a-9ad8-11ea-8cec-4b858b430440,0.33230635245421897,3.0,random agent,False
21,hand_selected_012,16fd7d1e-9ad8-11ea-a445-0585cd0c72e4,0.3100683835913234,3.0,random agent,False
22,hand_selected_012,16ff30b4-9ad8-11ea-b529-3565bed046b0,0.33567978012578265,3.0,random agent,False
23,hand_selected_012,1715543e-9ad8-11ea-bc86-0990282eeb5d,0.34674114017852403,3.0,random agent,False
24,hand_selected_012,1718e842-9ad8-11ea-b0ce-d183ac075b20,0.29224011834712943,3.0,random agent,False
25,hand_selected_012,17246df2-9ad8-11ea-a86f-f9dfd52c2d96,0.308420101287214,3.0,random agent,False
26,hand_selected_012,1727c33a-9ad8-11ea-89ce-439cc5b97abb,0.34291923476775704,3.0,random agent,False
27,hand_selected_012,f0886be0-9ad1-11ea-a6ce-7b4ad11c7c0e,0.3208388899648618,3.0,random agent,False
28,hand_selected_012,f8585560-9ad6-11ea-b38c-5bfee5a1c9e8,0.350639053788909,3.0,random agent,False
29,hand_selected_012,f86fa6f2-9ad6-11ea-a824-6fbc31a38f44,0.32899606414850496,3.0,random agent,False
30,hand_selected_012,16fbef3a-9ad8-11ea-8cec-4b858b430440,0.23824222941979506,4.0,random agent,False
31,hand_selected_012,16fd7d1e-9ad8-11ea-a445-0585cd0c72e4,0.22047531063943515,4.0,random agent,False
32,hand_selected_012,16ff30b4-9ad8-11ea-b529-3565bed046b0,0.2452773616862964,4.0,random agent,False
33,hand_selected_012,1715543e-9ad8-11ea-bc86-0990282eeb5d,0.2456007507920437,4.0,random agent,False
34,hand_selected_012,1718e842-9ad8-11ea-b0ce-d183ac075b20,0.20184548061622395,4.0,random agent,False
35,hand_selected_012,17246df2-9ad8-11ea-a86f-f9dfd52c2d96,0.20737881587050233,4.0,random agent,False
36,hand_selected_012,1727c33a-9ad8-11ea-89ce-439cc5b97abb,0.24960792803194304,4.0,random agent,False
37,hand_selected_012,f0886be0-9ad1-11ea-a6ce-7b4ad11c7c0e,0.22946007217544184,4.0,random agent,False
38,hand_selected_012,f8585560-9ad6-11ea-b38c-5bfee5a1c9e8,0.25185276252751765,4.0,random agent,False
39,hand_selected_012,f86fa6f2-9ad6-11ea-a824-6fbc31a38f44,0.23717394267878217,4.0,random agent,False
40,hand_selected_012,16fbef3a-9ad8-11ea-8cec-4b858b430440,0.16533582696373395,5.0,random agent,False
41,hand_selected_012,16fd7d1e-9ad8-11ea-a445-0585cd0c72e4,0.15431101256393948,5.0,random agent,False
42,hand_selected_012,16ff30b4-9ad8-11ea-b529-3565bed046b0,0.1674321107865412,5.0,random agent,False
43,hand_selected_012,1715543e-9ad8-11ea-bc86-0990282eeb5d,0.1670425257731959,5.0,random agent,False
44,hand_selected_012,1718e842-9ad8-11ea-b0ce-d183ac075b20,0.1294488043038234,5.0,random agent,False
45,hand_selected_012,17246df2-9ad8-11ea-a86f-f9dfd52c2d96,0.12996041171813144,5.0,random agent,False
46,hand_selected_012,1727c33a-9ad8-11ea-89ce-439cc5b97abb,0.17577977000453587,5.0,random agent,False
47,hand_selected_012,f0886be0-9ad1-11ea-a6ce-7b4ad11c7c0e,0.15256345388985315,5.0,random agent,False
48,hand_selected_012,f8585560-9ad6-11ea-b38c-5bfee5a1c9e8,0.1790548820454947,5.0,random agent,False
49,hand_selected_012,f86fa6f2-9ad6-11ea-a824-6fbc31a38f44,0.1661634739656643,5.0,random agent,False
50,hand_selected_012,16fbef3a-9ad8-11ea-8cec-4b858b430440,0.106652531648592,6.0,random agent,False
51,hand_selected_012,16fd7d1e-9ad8-11ea-a445-0585cd0c72e4,0.09888452460812026,6.0,random agent,False
52,hand_selected_012,16ff30b4-9ad8-11ea-b529-3565bed046b0,0.10905782084446922,6.0,random agent,False
53,hand_selected_012,1715543e-9ad8-11ea-bc86-0990282eeb5d,0.10157330154946365,6.0,random agent,False
54,hand_selected_012,1718e842-9ad8-11ea-b0ce-d183ac075b20,0.07906273162768833,6.0,random agent,False
55,hand_selected_012,17246df2-9ad8-11ea-a86f-f9dfd52c2d96,0.07535185025940895,6.0,random agent,False
56,hand_selected_012,1727c33a-9ad8-11ea-89ce-439cc5b97abb,0.11284984754208088,6.0,random agent,False
57,hand_selected_012,f0886be0-9ad1-11ea-a6ce-7b4ad11c7c0e,0.09677487289027949,6.0,random agent,False
58,hand_selected_012,f8585560-9ad6-11ea-b38c-5bfee5a1c9e8,0.11807805621062617,6.0,random agent,False
59,hand_selected_012,f86fa6f2-9ad6-11ea-a824-6fbc31a38f44,0.10425863787501807,6.0,random agent,False
60,hand_selected_012,16fbef3a-9ad8-11ea-8cec-4b858b430440,0.06300161147623863,7.0,random agent,False
61,hand_selected_012,16fd7d1e-9ad8-11ea-a445-0585cd0c72e4,0.06020453439441216,7.0,random agent,False
62,hand_selected_012,16ff30b4-9ad8-11ea-b529-3565bed046b0,0.05928037635354709,7.0,random agent,False
63,hand_selected_012,1715543e-9ad8-11ea-bc86-0990282eeb5d,0.05425999976408696,7.0,random agent,False
64,hand_selected_012,1718e842-9ad8-11ea-b0ce-d183ac075b20,0.045912202980265805,7.0,random agent,False
65,hand_selected_012,17246df2-9ad8-11ea-a86f-f9dfd52c2d96,0.03706486217675476,7.0,random agent,False
66,hand_selected_012,1727c33a-9ad8-11ea-89ce-439cc5b97abb,0.06234612160044917,7.0,random agent,False
67,hand_selected_012,f0886be0-9ad1-11ea-a6ce-7b4ad11c7c0e,0.052781642458307826,7.0,random agent,False
68,hand_selected_012,f8585560-9ad6-11ea-b38c-5bfee5a1c9e8,0.07207192263672102,7.0,random agent,False
69,hand_selected_012,f86fa6f2-9ad6-11ea-a824-6fbc31a38f44,0.05530746473566203,7.0,random agent,False
70,hand_selected_012,16fbef3a-9ad8-11ea-8cec-4b858b430440,0.029559367328547904,8.0,random agent,False
71,hand_selected_012,16fd7d1e-9ad8-11ea-a445-0585cd0c72e4,0.027872637755196477,8.0,random agent,False
72,hand_selected_012,16ff30b4-9ad8-11ea-b529-3565bed046b0,0.021795333144474474,8.0,random agent,False
73,hand_selected_012,1715543e-9ad8-11ea-bc86-0990282eeb5d,0.021931831400984918,8.0,random agent,False
74,hand_selected_012,1718e842-9ad8-11ea-b0ce-d183ac075b20,0.017923273753262987,8.0,random agent,False
75,hand_selected_012,17246df2-9ad8-11ea-a86f-f9dfd52c2d96,0.01643087267124247,8.0,random agent,False
76,hand_selected_012,1727c33a-9ad8-11ea-89ce-439cc5b97abb,0.027405296681193427,8.0,random agent,False
77,hand_selected_012,f0886be0-9ad1-11ea-a6ce-7b4ad11c7c0e,0.024183450618781847,8.0,random agent,False
78,hand_selected_012,f8585560-9ad6-11ea-b38c-5bfee5a1c9e8,0.0365049741062707,8.0,random agent,False
79,hand_selected_012,f86fa6f2-9ad6-11ea-a824-6fbc31a38f44,0.024171346365900147,8.0,random agent,False
80,hand_selected_012,16fbef3a-9ad8-11ea-8cec-4b858b430440,0.005670706439159863,9.0,random agent,False
81,hand_selected_012,16fd7d1e-9ad8-11ea-a445-0585cd0c72e4,0.00881693362382361,9.0,random agent,False
82,hand_selected_012,16ff30b4-9ad8-11ea-b529-3565bed046b0,0.0018903455810476684,9.0,random agent,False
83,hand_selected_012,1715543e-9ad8-11ea-bc86-0990282eeb5d,0.005692224289753996,9.0,random agent,False
84,hand_selected_012,1718e842-9ad8-11ea-b0ce-d183ac075b20,0.0035970282007010937,9.0,random agent,False
85,hand_selected_012,17246df2-9ad8-11ea-a86f-f9dfd52c2d96,0.003590570679178274,9.0,random agent,False
86,hand_selected_012,1727c33a-9ad8-11ea-89ce-439cc5b97abb,0.003689998936896217,9.0,random agent,False
87,hand_selected_012,f0886be0-9ad1-11ea-a6ce-7b4ad11c7c0e,0.007285183740609473,9.0,random agent,False
88,hand_selected_012,f8585560-9ad6-11ea-b38c-5bfee5a1c9e8,0.011618391798418974,9.0,random agent,False
89,hand_selected_012,f86fa6f2-9ad6-11ea-a824-6fbc31a38f44,0.00729847494553377,9.0,random agent,False
90,hand_selected_012,16fbef3a-9ad8-11ea-8cec-4b858b430440,0.0023696414432756475,10.0,random agent,False
91,hand_selected_012,16fd7d1e-9ad8-11ea-a445-0585cd0c72e4,0.0,10.0,random agent,False
92,hand_selected_012,16ff30b4-9ad8-11ea-b529-3565bed046b0,0.0,10.0,random agent,False
93,hand_selected_012,1715543e-9ad8-11ea-bc86-0990282eeb5d,0.0,10.0,random agent,False
94,hand_selected_012,1718e842-9ad8-11ea-b0ce-d183ac075b20,0.0,10.0,random agent,False
95,hand_selected_012,17246df2-9ad8-11ea-a86f-f9dfd52c2d96,0.0,10.0,random agent,False
96,hand_selected_012,1727c33a-9ad8-11ea-89ce-439cc5b97abb,0.0,10.0,random agent,False
97,hand_selected_012,f0886be0-9ad1-11ea-a6ce-7b4ad11c7c0e,0.0,10.0,random agent,False
98,hand_selected_012,f8585560-9ad6-11ea-b38c-5bfee5a1c9e8,0.0024509507268127956,10.0,random agent,False
99,hand_selected_012,f86fa6f2-9ad6-11ea-a824-6fbc31a38f44,0.0,10.0,random agent,False
0,hand_selected_016,16fbef3a-9ad8-11ea-8cec-4b858b430440,0.40556513522575366,1.0,random agent,False
1,hand_selected_016,16fd7d1e-9ad8-11ea-a445-0585cd0c72e4,0.4018166933063039,1.0,random agent,False
2,hand_selected_016,16ff30b4-9ad8-11ea-b529-3565bed046b0,0.4214954084519301,1.0,random agent,False
3,hand_selected_016,1715543e-9ad8-11ea-bc86-0990282eeb5d,0.4101556314733475,1.0,random agent,False
4,hand_selected_016,1718e842-9ad8-11ea-b0ce-d183ac075b20,0.4347052630986359,1.0,random agent,False
5,hand_selected_016,17246df2-9ad8-11ea-a86f-f9dfd52c2d96,0.4235759008713166,1.0,random agent,False
6,hand_selected_016,1727c33a-9ad8-11ea-89ce-439cc5b97abb,0.4352294728669052,1.0,random agent,False
7,hand_selected_016,f0886be0-9ad1-11ea-a6ce-7b4ad11c7c0e,0.41684032300078144,1.0,random agent,False
8,hand_selected_016,f8585560-9ad6-11ea-b38c-5bfee5a1c9e8,0.4080946591894447,1.0,random agent,False
9,hand_selected_016,f86fa6f2-9ad6-11ea-a824-6fbc31a38f44,0.4189294924424799,1.0,random agent,False
10,hand_selected_016,16fbef3a-9ad8-11ea-8cec-4b858b430440,0.24132514713309858,2.0,random agent,False
11,hand_selected_016,16fd7d1e-9ad8-11ea-a445-0585cd0c72e4,0.24269547572644226,2.0,random agent,False
12,hand_selected_016,16ff30b4-9ad8-11ea-b529-3565bed046b0,0.2693178429146914,2.0,random agent,False
13,hand_selected_016,1715543e-9ad8-11ea-bc86-0990282eeb5d,0.24817609476121782,2.0,random agent,False
14,hand_selected_016,1718e842-9ad8-11ea-b0ce-d183ac075b20,0.28188066366064,2.0,random agent,False
15,hand_selected_016,17246df2-9ad8-11ea-a86f-f9dfd52c2d96,0.26124357298474943,2.0,random agent,False
16,hand_selected_016,1727c33a-9ad8-11ea-89ce-439cc5b97abb,0.27696162654658785,2.0,random agent,False
17,hand_selected_016,f0886be0-9ad1-11ea-a6ce-7b4ad11c7c0e,0.2625139221071969,2.0,random agent,False
18,hand_selected_016,f8585560-9ad6-11ea-b38c-5bfee5a1c9e8,0.2486117784898451,2.0,random agent,False
19,hand_selected_016,f86fa6f2-9ad6-11ea-a824-6fbc31a38f44,0.26421665416568957,2.0,random agent,False
20,hand_selected_016,16fbef3a-9ad8-11ea-8cec-4b858b430440,0.14151925078043703,3.0,random agent,False
21,hand_selected_016,16fd7d1e-9ad8-11ea-a445-0585cd0c72e4,0.13907023175977995,3.0,random agent,False
22,hand_selected_016,16ff30b4-9ad8-11ea-b529-3565bed046b0,0.17031416758594092,3.0,random agent,False
23,hand_selected_016,1715543e-9ad8-11ea-bc86-0990282eeb5d,0.1432748848366485,3.0,random agent,False
24,hand_selected_016,1718e842-9ad8-11ea-b0ce-d183ac075b20,0.16882954907423608,3.0,random agent,False
25,hand_selected_016,17246df2-9ad8-11ea-a86f-f9dfd52c2d96,0.16084076455593482,3.0,random agent,False
26,hand_selected_016,1727c33a-9ad8-11ea-89ce-439cc5b97abb,0.1688107062761407,3.0,random agent,False
27,hand_selected_016,f0886be0-9ad1-11ea-a6ce-7b4ad11c7c0e,0.16405066326586223,3.0,random agent,False
28,hand_selected_016,f8585560-9ad6-11ea-b38c-5bfee5a1c9e8,0.14740836197021764,3.0,random agent,False
29,hand_selected_016,f86fa6f2-9ad6-11ea-a824-6fbc31a38f44,0.17049403260805818,3.0,random agent,False
30,hand_selected_016,16fbef3a-9ad8-11ea-8cec-4b858b430440,0.06942099209553876,4.0,random agent,False
31,hand_selected_016,16fd7d1e-9ad8-11ea-a445-0585cd0c72e4,0.07738073706084028,4.0,random agent,False
32,hand_selected_016,16ff30b4-9ad8-11ea-b529-3565bed046b0,0.1062175522269419,4.0,random agent,False
33,hand_selected_016,1715543e-9ad8-11ea-bc86-0990282eeb5d,0.0848771185724498,4.0,random agent,False
34,hand_selected_016,1718e842-9ad8-11ea-b0ce-d183ac075b20,0.10449087774888152,4.0,random agent,False
35,hand_selected_016,17246df2-9ad8-11ea-a86f-f9dfd52c2d96,0.10614199644661486,4.0,random agent,False
36,hand_selected_016,1727c33a-9ad8-11ea-89ce-439cc5b97abb,0.0981684748765535,4.0,random agent,False
37,hand_selected_016,f0886be0-9ad1-11ea-a6ce-7b4ad11c7c0e,0.0984751426391326,4.0,random agent,False
38,hand_selected_016,f8585560-9ad6-11ea-b38c-5bfee5a1c9e8,0.08598193409241013,4.0,random agent,False
39,hand_selected_016,f86fa6f2-9ad6-11ea-a824-6fbc31a38f44,0.1057777134858817,4.0,random agent,False
40,hand_selected_016,16fbef3a-9ad8-11ea-8cec-4b858b430440,0.03500432152117546,5.0,random agent,False
41,hand_selected_016,16fd7d1e-9ad8-11ea-a445-0585cd0c72e4,0.0412541018009768,5.0,random agent,False
42,hand_selected_016,16ff30b4-9ad8-11ea-b529-3565bed046b0,0.0627694165737644,5.0,random agent,False
43,hand_selected_016,1715543e-9ad8-11ea-bc86-0990282eeb5d,0.04793674907755152,5.0,random agent,False
44,hand_selected_016,1718e842-9ad8-11ea-b0ce-d183ac075b20,0.06025425515680388,5.0,random agent,False
45,hand_selected_016,17246df2-9ad8-11ea-a86f-f9dfd52c2d96,0.07064351331083614,5.0,random agent,False
46,hand_selected_016,1727c33a-9ad8-11ea-89ce-439cc5b97abb,0.056308039474642024,5.0,random agent,False
47,hand_selected_016,f0886be0-9ad1-11ea-a6ce-7b4ad11c7c0e,0.056800632971726,5.0,random agent,False
48,hand_selected_016,f8585560-9ad6-11ea-b38c-5bfee5a1c9e8,0.051360048746584404,5.0,random agent,False
49,hand_selected_016,f86fa6f2-9ad6-11ea-a824-6fbc31a38f44,0.06220183705402467,5.0,random agent,False
50,hand_selected_016,16fbef3a-9ad8-11ea-8cec-4b858b430440,0.014484884151261626,6.0,random agent,False
51,hand_selected_016,16fd7d1e-9ad8-11ea-a445-0585cd0c72e4,0.01776002217975036,6.0,random agent,False
52,hand_selected_016,16ff30b4-9ad8-11ea-b529-3565bed046b0,0.029655965406076516,6.0,random agent,False
53,hand_selected_016,1715543e-9ad8-11ea-bc86-0990282eeb5d,0.028949837961343875,6.0,random agent,False
54,hand_selected_016,1718e842-9ad8-11ea-b0ce-d183ac075b20,0.029805954370289527,6.0,random agent,False
55,hand_selected_016,17246df2-9ad8-11ea-a86f-f9dfd52c2d96,0.04286113079516417,6.0,random agent,False
56,hand_selected_016,1727c33a-9ad8-11ea-89ce-439cc5b97abb,0.03166959993653127,6.0,random agent,False
57,hand_selected_016,f0886be0-9ad1-11ea-a6ce-7b4ad11c7c0e,0.03156613843597527,6.0,random agent,False
58,hand_selected_016,f8585560-9ad6-11ea-b38c-5bfee5a1c9e8,0.026934559192623705,6.0,random agent,False
59,hand_selected_016,f86fa6f2-9ad6-11ea-a824-6fbc31a38f44,0.030197763398816774,6.0,random agent,False
60,hand_selected_016,16fbef3a-9ad8-11ea-8cec-4b858b430440,0.0027971586549178115,7.0,random agent,False
61,hand_selected_016,16fd7d1e-9ad8-11ea-a445-0585cd0c72e4,0.0027472109340517174,7.0,random agent,False
62,hand_selected_016,16ff30b4-9ad8-11ea-b529-3565bed046b0,0.01185425101214575,7.0,random agent,False
63,hand_selected_016,1715543e-9ad8-11ea-bc86-0990282eeb5d,0.01075011944577162,7.0,random agent,False
64,hand_selected_016,1718e842-9ad8-11ea-b0ce-d183ac075b20,0.011930286638877099,7.0,random agent,False
65,hand_selected_016,17246df2-9ad8-11ea-a86f-f9dfd52c2d96,0.022140973169622557,7.0,random agent,False
66,hand_selected_016,1727c33a-9ad8-11ea-89ce-439cc5b97abb,0.014236479768104219,7.0,random agent,False
67,hand_selected_016,f0886be0-9ad1-11ea-a6ce-7b4ad11c7c0e,0.01479605488786128,7.0,random agent,False
68,hand_selected_016,f8585560-9ad6-11ea-b38c-5bfee5a1c9e8,0.01350604725792047,7.0,random agent,False
69,hand_selected_016,f86fa6f2-9ad6-11ea-a824-6fbc31a38f44,0.01471889055472264,7.0,random agent,False
70,hand_selected_016,16fbef3a-9ad8-11ea-8cec-4b858b430440,0.0,8.0,random agent,False
71,hand_selected_016,16fd7d1e-9ad8-11ea-a445-0585cd0c72e4,0.0,8.0,random agent,False
72,hand_selected_016,16ff30b4-9ad8-11ea-b529-3565bed046b0,0.004629428385133667,8.0,random agent,False
73,hand_selected_016,1715543e-9ad8-11ea-bc86-0990282eeb5d,0.0031594939770571355,8.0,random agent,False
74,hand_selected_016,1718e842-9ad8-11ea-b0ce-d183ac075b20,0.0031055295950155764,8.0,random agent,False
75,hand_selected_016,17246df2-9ad8-11ea-a86f-f9dfd52c2d96,0.009214979801288352,8.0,random agent,False
76,hand_selected_016,1727c33a-9ad8-11ea-89ce-439cc5b97abb,0.0033840164515261334,8.0,random agent,False
77,hand_selected_016,f0886be0-9ad1-11ea-a6ce-7b4ad11c7c0e,0.006318600953895071,8.0,random agent,False
78,hand_selected_016,f8585560-9ad6-11ea-b38c-5bfee5a1c9e8,0.001592348574020005,8.0,random agent,False
79,hand_selected_016,f86fa6f2-9ad6-11ea-a824-6fbc31a38f44,0.0031594939770571355,8.0,random agent,False
80,hand_selected_016,16fbef3a-9ad8-11ea-8cec-4b858b430440,0.0,9.0,random agent,False
81,hand_selected_016,16fd7d1e-9ad8-11ea-a445-0585cd0c72e4,0.0,9.0,random agent,False
82,hand_selected_016,16ff30b4-9ad8-11ea-b529-3565bed046b0,0.0,9.0,random agent,False
83,hand_selected_016,1715543e-9ad8-11ea-bc86-0990282eeb5d,0.001897519464059388,9.0,random agent,False
84,hand_selected_016,1718e842-9ad8-11ea-b0ce-d183ac075b20,0.0,9.0,random agent,False
85,hand_selected_016,17246df2-9ad8-11ea-a86f-f9dfd52c2d96,0.0036899352884482996,9.0,random agent,False
86,hand_selected_016,1727c33a-9ad8-11ea-89ce-439cc5b97abb,0.0,9.0,random agent,False
87,hand_selected_016,f0886be0-9ad1-11ea-a6ce-7b4ad11c7c0e,0.003802170161738469,9.0,random agent,False
88,hand_selected_016,f8585560-9ad6-11ea-b38c-5bfee5a1c9e8,0.0,9.0,random agent,False
89,hand_selected_016,f86fa6f2-9ad6-11ea-a824-6fbc31a38f44,0.0,9.0,random agent,False
90,hand_selected_016,16fbef3a-9ad8-11ea-8cec-4b858b430440,0.0,10.0,random agent,False
91,hand_selected_016,16fd7d1e-9ad8-11ea-a445-0585cd0c72e4,0.0,10.0,random agent,False
92,hand_selected_016,16ff30b4-9ad8-11ea-b529-3565bed046b0,0.0,10.0,random agent,False
93,hand_selected_016,1715543e-9ad8-11ea-bc86-0990282eeb5d,0.0,10.0,random agent,False
94,hand_selected_016,1718e842-9ad8-11ea-b0ce-d183ac075b20,0.0,10.0,random agent,False
95,hand_selected_016,17246df2-9ad8-11ea-a86f-f9dfd52c2d96,0.0,10.0,random agent,False
96,hand_selected_016,1727c33a-9ad8-11ea-89ce-439cc5b97abb,0.0,10.0,random agent,False
97,hand_selected_016,f0886be0-9ad1-11ea-a6ce-7b4ad11c7c0e,0.0023809251921298145,10.0,random agent,False
98,hand_selected_016,f8585560-9ad6-11ea-b38c-5bfee5a1c9e8,0.0,10.0,random agent,False
99,hand_selected_016,f86fa6f2-9ad6-11ea-a824-6fbc31a38f44,0.0,10.0,random agent,False
0,hand_selected_004,,0.5132851282404853,1.0,post,True
1,hand_selected_004,,0.41892636021211815,1.0,pre,True
2,hand_selected_004,,0.37386679010074514,2.0,post,True
3,hand_selected_004,,0.27049629332067343,2.0,pre,True
4,hand_selected_004,,0.25619719977624344,3.0,post,True
5,hand_selected_004,,0.16138068645616035,3.0,pre,True
6,hand_selected_004,,0.1609306359998881,4.0,post,True
7,hand_selected_004,,0.09067993410388563,4.0,pre,True
8,hand_selected_004,,0.08588781298344124,5.0,post,True
9,hand_selected_004,,0.05343587269605687,5.0,pre,True
10,hand_selected_004,,0.03181679155834225,6.0,post,True
11,hand_selected_004,,0.028519382104342756,6.0,pre,True
12,hand_selected_004,,0.011651731436033685,7.0,post,True
13,hand_selected_004,,0.013835299993756633,7.0,pre,True
14,hand_selected_004,,0.0,8.0,post,True
15,hand_selected_004,,0.009476920232068973,8.0,pre,True
16,hand_selected_004,,0.0,9.0,post,True
17,hand_selected_004,,0.006943760464887225,9.0,pre,True
18,hand_selected_004,,0.0,10.0,post,True
19,hand_selected_004,,0.0,10.0,pre,True
0,hand_selected_005,,0.5790583938541622,1.0,post,True
1,hand_selected_005,,0.5338864004880477,1.0,pre,True
2,hand_selected_005,,0.4756543209876543,2.0,post,True
3,hand_selected_005,,0.40610161826932395,2.0,pre,True
4,hand_selected_005,,0.3990301336732359,3.0,post,True
5,hand_selected_005,,0.3189878491060344,3.0,pre,True
6,hand_selected_005,,0.3387808772424157,4.0,post,True
7,hand_selected_005,,0.24889694295619288,4.0,pre,True
8,hand_selected_005,,0.27060976565003453,5.0,post,True
9,hand_selected_005,,0.17817879499217526,5.0,pre,True
10,hand_selected_005,,0.2055293706904076,6.0,post,True
11,hand_selected_005,,0.12396187882913547,6.0,pre,True
12,hand_selected_005,,0.14658335013102197,7.0,post,True
13,hand_selected_005,,0.07198904434080983,7.0,pre,True
14,hand_selected_005,,0.09965492000418279,8.0,post,True
15,hand_selected_005,,0.030379469181838124,8.0,pre,True
16,hand_selected_005,,0.0,9.0,post,True
17,hand_selected_005,,0.0,9.0,pre,True
18,hand_selected_005,,0.0,10.0,post,True
19,hand_selected_005,,0.0,10.0,pre,True
0,hand_selected_006,,0.420813403451283,1.0,post,True
1,hand_selected_006,,0.3935282905425286,1.0,pre,True
2,hand_selected_006,,0.30875224967277487,2.0,post,True
3,hand_selected_006,,0.2655822336157722,2.0,pre,True
4,hand_selected_006,,0.2179119277633378,3.0,post,True
5,hand_selected_006,,0.165409195810403,3.0,pre,True
6,hand_selected_006,,0.14845766537415359,4.0,post,True
7,hand_selected_006,,0.08897700139026563,4.0,pre,True
8,hand_selected_006,,0.10465372253775371,5.0,post,True
9,hand_selected_006,,0.05567698846387372,5.0,pre,True
10,hand_selected_006,,0.07506585092864536,6.0,post,True
11,hand_selected_006,,0.046278924327704814,6.0,pre,True
12,hand_selected_006,,0.06687144876121254,7.0,post,True
13,hand_selected_006,,0.04215501548877463,7.0,pre,True
14,hand_selected_006,,0.06309313617303024,8.0,post,True
15,hand_selected_006,,0.03775655092293791,8.0,pre,True
16,hand_selected_006,,0.06372786805723987,9.0,post,True
17,hand_selected_006,,0.03478915662650602,9.0,pre,True
18,hand_selected_006,,0.05575647980711273,10.0,post,True
19,hand_selected_006,,0.03499142367066895,10.0,pre,True
0,hand_selected_008,,0.5793416829967908,1.0,post,True
1,hand_selected_008,,0.4414277219394045,1.0,pre,True
2,hand_selected_008,,0.4793481440211714,2.0,post,True
3,hand_selected_008,,0.3102709477202196,2.0,pre,True
4,hand_selected_008,,0.39234119782214155,3.0,post,True
5,hand_selected_008,,0.20379746835443038,3.0,pre,True
6,hand_selected_008,,0.31014538392904006,4.0,post,True
7,hand_selected_008,,0.12672530994804937,4.0,pre,True
8,hand_selected_008,,0.24281288340850718,5.0,post,True
9,hand_selected_008,,0.08067926566586084,5.0,pre,True
10,hand_selected_008,,0.19591919789855342,6.0,post,True
11,hand_selected_008,,0.05820239372331251,6.0,pre,True
12,hand_selected_008,,0.15644271031594975,7.0,post,True
13,hand_selected_008,,0.036754185148089855,7.0,pre,True
14,hand_selected_008,,0.11347309299895507,8.0,post,True
15,hand_selected_008,,0.017369813422445,8.0,pre,True
16,hand_selected_008,,0.061931243680485346,9.0,post,True
17,hand_selected_008,,0.0,9.0,pre,True
18,hand_selected_008,,0.03499142367066895,10.0,post,True
19,hand_selected_008,,0.0,10.0,pre,True
0,hand_selected_009,,0.6053519806646271,1.0,post,True
1,hand_selected_009,,0.49097877442653837,1.0,pre,True
2,hand_selected_009,,0.5117789099735774,2.0,post,True
3,hand_selected_009,,0.3656622855107262,2.0,pre,True
4,hand_selected_009,,0.41470991605020363,3.0,post,True
5,hand_selected_009,,0.2620502635398365,3.0,pre,True
6,hand_selected_009,,0.3290163112812101,4.0,post,True
7,hand_selected_009,,0.17334385955360357,4.0,pre,True
8,hand_selected_009,,0.254999932570026,5.0,post,True
9,hand_selected_009,,0.11911280387151843,5.0,pre,True
10,hand_selected_009,,0.17786292039165602,6.0,post,True
11,hand_selected_009,,0.0736911723753829,6.0,pre,True
12,hand_selected_009,,0.10086863308262793,7.0,post,True
13,hand_selected_009,,0.03449008825839841,7.0,pre,True
14,hand_selected_009,,0.058078737862308945,8.0,post,True
15,hand_selected_009,,0.008063441290150608,8.0,pre,True
16,hand_selected_009,,0.03833333333333333,9.0,post,True
17,hand_selected_009,,0.005847546119039332,9.0,pre,True
18,hand_selected_009,,0.028683792755087315,10.0,post,True
19,hand_selected_009,,0.0,10.0,pre,True
0,hand_selected_011,,0.5559149523439858,1.0,post,True
1,hand_selected_011,,0.4961335215560858,1.0,pre,True
2,hand_selected_011,,0.4506666926017059,2.0,post,True
3,hand_selected_011,,0.38544059572051725,2.0,pre,True
4,hand_selected_011,,0.36918767059875174,3.0,post,True
5,hand_selected_011,,0.28912252024667506,3.0,pre,True
6,hand_selected_011,,0.30380064730608286,4.0,post,True
7,hand_selected_011,,0.22175859815572282,4.0,pre,True
8,hand_selected_011,,0.22891598369236274,5.0,post,True
9,hand_selected_011,,0.14763231197771587,5.0,pre,True
10,hand_selected_011,,0.17043570028644658,6.0,post,True
11,hand_selected_011,,0.08826975898306037,6.0,pre,True
12,hand_selected_011,,0.1274188377921548,7.0,post,True
13,hand_selected_011,,0.05014942780086012,7.0,pre,True
14,hand_selected_011,,0.09138248847926267,8.0,post,True
15,hand_selected_011,,0.02432527516711062,8.0,pre,True
16,hand_selected_011,,0.058985336394283466,9.0,post,True
17,hand_selected_011,,0.014178438271280786,9.0,pre,True
18,hand_selected_011,,0.02576924809658963,10.0,post,True
19,hand_selected_011,,0.0,10.0,pre,True
0,hand_selected_012,,0.5319596869784694,1.0,post,True
1,hand_selected_012,,0.49088953430791094,1.0,pre,True
2,hand_selected_012,,0.42767309638625944,2.0,post,True
3,hand_selected_012,,0.391195784129787,2.0,pre,True
4,hand_selected_012,,0.3472011317346145,3.0,post,True
5,hand_selected_012,,0.32553001128097403,3.0,pre,True
6,hand_selected_012,,0.2758417612780956,4.0,post,True
7,hand_selected_012,,0.2651694518194596,4.0,pre,True
8,hand_selected_012,,0.22091575189887008,5.0,post,True
9,hand_selected_012,,0.21559231350118094,5.0,pre,True
10,hand_selected_012,,0.18068119110651645,6.0,post,True
11,hand_selected_012,,0.17169271406559541,6.0,pre,True
12,hand_selected_012,,0.14466813645857507,7.0,post,True
13,hand_selected_012,,0.14904316829694836,7.0,pre,True
14,hand_selected_012,,0.1076493416996119,8.0,post,True
15,hand_selected_012,,0.1268235294117647,8.0,pre,True
16,hand_selected_012,,0.057286603149912504,9.0,post,True
17,hand_selected_012,,0.10162515829463908,9.0,pre,True
18,hand_selected_012,,0.03278528565155876,10.0,post,True
19,hand_selected_012,,0.08339084426040948,10.0,pre,True
0,hand_selected_016,,0.4445380682089353,1.0,post,True
1,hand_selected_016,,0.38109928000351684,1.0,pre,True
2,hand_selected_016,,0.33918069390276995,2.0,post,True
3,hand_selected_016,,0.2505083942387083,2.0,pre,True
4,hand_selected_016,,0.26440928469231384,3.0,post,True
5,hand_selected_016,,0.16644602212025825,3.0,pre,True
6,hand_selected_016,,0.20421565104300357,4.0,post,True
7,hand_selected_016,,0.10683230501678169,4.0,pre,True
8,hand_selected_016,,0.15702503618949942,5.0,post,True
9,hand_selected_016,,0.06680532634006285,5.0,pre,True
10,hand_selected_016,,0.12351029252437704,6.0,post,True
11,hand_selected_016,,0.04510454120975904,6.0,pre,True
12,hand_selected_016,,0.08889215974879797,7.0,post,True
13,hand_selected_016,,0.037470365745516404,7.0,pre,True
14,hand_selected_016,,0.06370644922164566,8.0,post,True
15,hand_selected_016,,0.030855899110172204,8.0,pre,True
16,hand_selected_016,,0.036273573645261396,9.0,post,True
17,hand_selected_016,,0.01629523868644857,9.0,pre,True
18,hand_selected_016,,0.009214979801288352,10.0,post,True
19,hand_selected_016,,0.008263305322128852,10.0,pre,True
